id,title,description,link,image_link,availability,price_czk,google_product_category,brand,product_type,rank,Doporučené použití,Doporučený povrch,Balení míčků,Typ míče,item_group_id,link_master,image_link_master,group_title,unit_price_czk,age_min,age_max
56634,Head Medium Tennis Promo Pink,"Tenisové míče head medium tennis promo pink jsou tenisové míčky pro pestrou hru. Pamatuj, že míčky postupem času ztrácí své vlastnosti a je potřeba je pravidelně měnit, proto neuděláš chybu, pokud si koupíš dvě tři dózy do zásoby.",https://www.sportega.cz/tenisovy-mic-head-medium-tennis-promo-pink/d56634,https://www.sportega.cz/tenisovy-mic-head-medium-tennis-promo-pink-56634.jpg,in stock,259.0,Sportovní potřeby > Atletické sporty > Tenis > Tenisové míčky,Head,Sportega > Tenis > Míčky > Velké tenisové míče,645,,všechny povrchy,,,56634,https://www.sportega.cz/tenisovy-mic-head-medium-tennis-promo-pink/d56634,https://www.sportega.cz/tenisovy-mic-head-medium-tennis-promo-pink-56634.jpg,Head Medium Tennis Promo Pink,,,
28236,Dunlop Fort Clay Court,3. Místo v testu tenisových míčků 2020,https://www.sportega.cz/tenisove-mice-dunlop-fort-clay-court/d28236,https://www.sportega.cz/tenisove-mice-dunlop-fort-clay-court-28236.jpg,in stock,209.0,Sportovní potřeby > Atletické sporty > Tenis > Tenisové míčky,Dunlop,Sportega > Tenis > Míčky,43290,"tréninkové nasazení,volný čas",všechny povrchy,4.0,Tlakovaný,28236,https://www.sportega.cz/tenisove-mice-dunlop-fort-clay-court/d28236,https://www.sportega.cz/tenisove-mice-dunlop-fort-clay-court-28236.jpg,Dunlop Fort Clay Court,52.25,,
29688,Dunlop Fort All Court TS,"Tenisové míče dunlop fort all court ts jsou tenisové míčky pro pestrou hru. Pamatuj, že míčky postupem času ztrácí své vlastnosti a je potřeba je pravidelně měnit, proto neuděláš chybu, pokud si koupíš dvě tři dózy do zásoby.",https://www.sportega.cz/tenisove-mice-dunlop-fort-all-court-ts/d29688,https://www.sportega.cz/tenisove-mice-dunlop-fort-all-court-ts-29688.jpg,in stock,195.0,Sportovní potřeby > Atletické sporty > Tenis > Tenisové míčky,Dunlop,Sportega > Tenis > Míčky,35754,"tréninkové nasazení,volný čas",všechny povrchy,4.0,Tlakovaný,29688,https://www.sportega.cz/tenisove-mice-dunlop-fort-all-court-ts/d29688,https://www.sportega.cz/tenisove-mice-dunlop-fort-all-court-ts-29688.jpg,Dunlop Fort All Court TS,48.75,,
1355188,Head Tour (3 Pack),2. Místo v testu tenisových míčků 2020,https://www.sportega.cz/tenisove-mice-head-tour-3-pack/d1355188,https://www.sportega.cz/tenisove-mice-head-tour-3-pack-1355188.jpg,in stock,145.0,Sportovní potřeby > Atletické sporty > Tenis > Tenisové míčky,Head,Sportega > Tenis > Míčky,10922,"zápasové a turnajové nasazení,tréninkové nasazení",všechny povrchy,3.0,Tlakovaný,1355188,https://www.sportega.cz/tenisove-mice-head-tour-3-pack/d1355188,https://www.sportega.cz/tenisove-mice-head-tour-3-pack-1355188.jpg,Head Tour (3 Pack),48.333333333333336,,
1372138,Tecnifibre My New Ball 36 ks,"Dětské tenisové míče tecnifibre my new ball 36 pack jsou tenisáky pro děti. Tenisové míče pro děti jsou větší a lehčí, aby nejmenším tenistům usnadnily nácvik techniky a fyzicky nezatěžovaly ruce. Perfektně se hodí pro tenisové trenéry a kluby právě na trénink dětí. Tenisáky s dlouhou životností na rekreační tenis",https://www.sportega.cz/detske-tenisove-mice-tecnifibre-my-new-ball-36-ks/d1372138,https://www.sportega.cz/detske-tenisove-mice-tecnifibre-my-new-ball-36-ks-1372138.jpg,in stock,1879.0,Sportovní potřeby > Atletické sporty > Tenis > Tenisové míčky,Tecnifibre,Sportega > Tenis > Míčky > Míče pro děti,3446,"tréninkové nasazení,začínající hráči",všechny povrchy,36.0,Netlakovaný,1372138,https://www.sportega.cz/detske-tenisove-mice-tecnifibre-my-new-ball-36-ks/d1372138,https://www.sportega.cz/detske-tenisove-mice-tecnifibre-my-new-ball-36-ks-1372138.jpg,Tecnifibre My New Ball 36 ks,52.19444444444444,5.0,8.0
85168,Tecnifibre Mini 36 Pack,"Dětské tenisové míče tecnifibre mini 36 pack jsou tenisáky pro děti. Tenisové míče pro děti jsou větší a lehčí, aby nejmenším tenistům usnadnily nácvik techniky a fyzicky nezatěžovaly ruce. Perfektně se hodí pro tenisové trenéry a kluby právě na trénink dětí. Tlakované tenisové míče s větší pružností",https://www.sportega.cz/detske-tenisove-mice-tecnifibre-mini-36-pack/d85168,https://www.sportega.cz/detske-tenisove-mice-tecnifibre-mini-36-pack-85168.jpg,in stock,1799.0,Sportovní potřeby > Atletické sporty > Tenis > Tenisové míčky,Tecnifibre,Sportega > Tenis > Míčky > Míče pro děti,1952,tréninkové nasazení,všechny povrchy,36.0,Tlakovaný,85168,https://www.sportega.cz/detske-tenisove-mice-tecnifibre-mini-36-pack/d85168,https://www.sportega.cz/detske-tenisove-mice-tecnifibre-mini-36-pack-85168.jpg,Tecnifibre Mini 36 Pack,49.97222222222222,8.0,9.0
78144,Babolat Team Clay,"Tenisové míče babolat team clay jsou tenisové míčky pro pestrou hru. Pamatuj, že míčky postupem času ztrácí své vlastnosti a je potřeba je pravidelně měnit, proto neuděláš chybu, pokud si koupíš dvě tři dózy do zásoby.",https://www.sportega.cz/tenisove-mice-babolat-team-clay/d78144,https://www.sportega.cz/tenisove-mice-babolat-team-clay-78144.jpg,in stock,259.0,Sportovní potřeby > Atletické sporty > Tenis > Tenisové míčky,Babolat,Sportega > Tenis > Míčky,13251,zápasové a turnajové nasazení,všechny povrchy,4.0,Tlakovaný,78144,https://www.sportega.cz/tenisove-mice-babolat-team-clay/d78144,https://www.sportega.cz/tenisove-mice-babolat-team-clay-78144.jpg,Babolat Team Clay,64.75,,
78146,Babolat Team All Court,"Tenisové míče babolat team all court jsou tenisové míčky pro pestrou hru. Pamatuj, že míčky postupem času ztrácí své vlastnosti a je potřeba je pravidelně měnit, proto neuděláš chybu, pokud si koupíš dvě tři dózy do zásoby.",https://www.sportega.cz/tenisove-mice-babolat-team-all-court/d78146,https://www.sportega.cz/tenisove-mice-babolat-team-all-court-78146.jpg,in stock,219.0,Sportovní potřeby > Atletické sporty > Tenis > Tenisové míčky,Babolat,Sportega > Tenis > Míčky,11713,zápasové a turnajové nasazení,všechny povrchy,4.0,Tlakovaný,78146,https://www.sportega.cz/tenisove-mice-babolat-team-all-court/d78146,https://www.sportega.cz/tenisove-mice-babolat-team-all-court-78146.jpg,Babolat Team All Court,54.75,,
78145,Babolat Team,"Tenisové míče babolat team jsou tenisové míčky pro pestrou hru. Pamatuj, že míčky postupem času ztrácí své vlastnosti a je potřeba je pravidelně měnit, proto neuděláš chybu, pokud si koupíš dvě tři dózy do zásoby.",https://www.sportega.cz/tenisove-mice-babolat-team/d78145,https://www.sportega.cz/tenisove-mice-babolat-team-78145.jpg,in stock,249.0,Sportovní potřeby > Atletické sporty > Tenis > Tenisové míčky,Babolat,Sportega > Tenis > Míčky,6341,zápasové a turnajové nasazení,všechny povrchy,4.0,Tlakovaný,78145,https://www.sportega.cz/tenisove-mice-babolat-team/d78145,https://www.sportega.cz/tenisove-mice-babolat-team-78145.jpg,Babolat Team,62.25,,
3324,Tecnifibre XLD (4 Pack),"Tenisové míče tecnifibre xld (4 pack) jsou tenisové míčky pro pestrou hru. Pamatuj, že míčky postupem času ztrácí své vlastnosti a je potřeba je pravidelně měnit, proto neuděláš chybu, pokud si koupíš dvě tři dózy do zásoby.",https://www.sportega.cz/tenisove-mice-tecnifibre-xld-4-pack/d3324,https://www.sportega.cz/tenisove-mice-tecnifibre-xld-4-pack-3324.jpg,in stock,199.0,Sportovní potřeby > Atletické sporty > Tenis > Tenisové míčky,Tecnifibre,Sportega > Tenis > Míčky,3843,"zápasové a turnajové nasazení,tréninkové nasazení,volný čas",všechny povrchy,4.0,Netlakovaný,3324,https://www.sportega.cz/tenisove-mice-tecnifibre-xld-4-pack/d3324,https://www.sportega.cz/tenisove-mice-tecnifibre-xld-4-pack-3324.jpg,Tecnifibre XLD (4 Pack),49.75,,
69844,Dunlop ATP Championship (4 Pack),"Tenisové míče dunlop atp championship (4 pack) jsou tenisové míčky pro pestrou hru. Pamatuj, že míčky postupem času ztrácí své vlastnosti a je potřeba je pravidelně měnit, proto neuděláš chybu, pokud si koupíš dvě tři dózy do zásoby.",https://www.sportega.cz/tenisove-mice-dunlop-atp-championship-4-pack/d69844,https://www.sportega.cz/tenisove-mice-dunlop-atp-championship-4-pack-69844.jpg,in stock,169.0,Sportovní potřeby > Atletické sporty > Tenis > Tenisové míčky,Dunlop,Sportega > Tenis > Míčky,24804,tréninkové nasazení,všechny povrchy,4.0,Tlakovaný,69844,https://www.sportega.cz/tenisove-mice-dunlop-atp-championship-4-pack/d69844,https://www.sportega.cz/tenisove-mice-dunlop-atp-championship-4-pack-69844.jpg,Dunlop ATP Championship (4 Pack),42.25,,
56056,Head Team 3B (3 Pack),"Tenisové míče head team 3b (3 pack) jsou tenisové míčky pro pestrou hru. Pamatuj, že míčky postupem času ztrácí své vlastnosti a je potřeba je pravidelně měnit, proto neuděláš chybu, pokud si koupíš dvě tři dózy do zásoby.",https://www.sportega.cz/tenisove-mice-head-team-3b-3-pack/d56056,https://www.sportega.cz/tenisove-mice-head-team-3b-3-pack-56056.jpg,in stock,99.0,Sportovní potřeby > Atletické sporty > Tenis > Tenisové míčky,Head,Sportega > Tenis > Míčky,7182,"tréninkové nasazení,volný čas",všechny povrchy,3.0,Tlakovaný,56056,https://www.sportega.cz/tenisove-mice-head-team-3b-3-pack/d56056,https://www.sportega.cz/tenisove-mice-head-team-3b-3-pack-56056.jpg,Head Team 3B (3 Pack),33.0,,
65052,Wilson Tour Premier All Court (3 Pack),"Tenisové míče wilson tour premier all court (3 pack) jsou tenisové míčky pro pestrou hru. Pamatuj, že míčky postupem času ztrácí své vlastnosti a je potřeba je pravidelně měnit, proto neuděláš chybu, pokud si koupíš dvě tři dózy do zásoby.",https://www.sportega.cz/tenisove-mice-wilson-tour-premier-all-court-3-pack/d65052,https://www.sportega.cz/tenisove-mice-wilson-tour-premier-all-court-3-pack-65052.jpg,in stock,159.0,Sportovní potřeby > Atletické sporty > Tenis > Tenisové míčky,Wilson,Sportega > Tenis > Míčky,413,"zápasové a turnajové nasazení,tréninkové nasazení",všechny povrchy,3.0,Tlakovaný,65052,https://www.sportega.cz/tenisove-mice-wilson-tour-premier-all-court-3-pack/d65052,https://www.sportega.cz/tenisove-mice-wilson-tour-premier-all-court-3-pack-65052.jpg,Wilson Tour Premier All Court (3 Pack),53.0,,
9618,Head Pro (3 Pack),"Tenisové míče head pro (3 pack) jsou tenisové míčky pro pestrou hru. Pamatuj, že míčky postupem času ztrácí své vlastnosti a je potřeba je pravidelně měnit, proto neuděláš chybu, pokud si koupíš dvě tři dózy do zásoby.",https://www.sportega.cz/tenisove-mice-head-pro-3-pack/d9618,https://www.sportega.cz/tenisove-mice-head-pro-3-pack-9618.jpg,in stock,139.0,Sportovní potřeby > Atletické sporty > Tenis > Tenisové míčky,Head,Sportega > Tenis > Míčky,10962,zápasové a turnajové nasazení,všechny povrchy,3.0,Tlakovaný,9618,https://www.sportega.cz/tenisove-mice-head-pro-3-pack/d9618,https://www.sportega.cz/tenisove-mice-head-pro-3-pack-9618.jpg,Head Pro (3 Pack),46.333333333333336,,
23707,Wilson Starter Orange (48 Pack) - 8-10 Years,"Dětské tenisové míče wilson starter orange (48 pack) - 8-10 years jsou tenisáky pro děti. Tenisové míče pro děti jsou větší a lehčí, aby nejmenším tenistům usnadnily nácvik techniky a fyzicky nezatěžovaly ruce. Perfektně se hodí pro tenisové trenéry a kluby právě na trénink dětí. Tlakované tenisové míče s větší pružností",https://www.sportega.cz/detske-tenisove-mice-wilson-starter-orange-48-pack-8-10-years/d23707,https://www.sportega.cz/detske-tenisove-mice-wilson-starter-orange-48-pack-8-10-years-23707.jpg,in stock,2199.0,Sportovní potřeby > Atletické sporty > Tenis > Tenisové míčky,Wilson,Sportega > Tenis > Míčky > Míče pro děti,1370,"tréninkové nasazení,volný čas,školní aktivity",všechny povrchy,48.0,Tlakovaný,23707,https://www.sportega.cz/detske-tenisove-mice-wilson-starter-orange-48-pack-8-10-years/d23707,https://www.sportega.cz/detske-tenisove-mice-wilson-starter-orange-48-pack-8-10-years-23707.jpg,Wilson Starter Orange (48 Pack) - 8-10 Years,45.8125,8.0,9.0
65258,Wilson Triniti (4 pcs),"Tenisové míče wilson triniti (4 pcs) jsou tenisové míčky pro pestrou hru. Pamatuj, že míčky postupem času ztrácí své vlastnosti a je potřeba je pravidelně měnit, proto neuděláš chybu, pokud si koupíš dvě tři dózy do zásoby.",https://www.sportega.cz/tenisove-mice-wilson-triniti-4-pcs/d65258,https://www.sportega.cz/tenisove-mice-wilson-triniti-4-pcs-65258.jpg,in stock,229.0,Sportovní potřeby > Atletické sporty > Tenis > Tenisové míčky,Wilson,Sportega > Tenis > Míčky,5103,zápasové a turnajové nasazení,všechny povrchy,4.0,Tlakovaný,65258,https://www.sportega.cz/tenisove-mice-wilson-triniti-4-pcs/d65258,https://www.sportega.cz/tenisove-mice-wilson-triniti-4-pcs-65258.jpg,Wilson Triniti (4 pcs),57.25,,
76771,Wilson Roland Garros All Court (4 Pack),"Tenisové míče wilson roland garros all court (4 ks) jsou ideálními parťáky pro hru na tvrdých površích, či koberci. Jsou vyrobené z odolné a trvanlivé plsti, která zaručuje životnost nejen na pár zápasů. Velkou výhodou těchto míčků je speciální materiál, který brání vlhkosti.",https://www.sportega.cz/tenisove-mice-wilson-roland-garros-all-court-4-pack/d76771,https://www.sportega.cz/tenisove-mice-wilson-roland-garros-all-court-4-pack-76771.jpg,in stock,179.0,Sportovní potřeby > Atletické sporty > Tenis > Tenisové míčky,Wilson,Sportega > Tenis > Míčky,16063,zápasové a turnajové nasazení,všechny povrchy,4.0,Tlakovaný,76771,https://www.sportega.cz/tenisove-mice-wilson-roland-garros-all-court-4-pack/d76771,https://www.sportega.cz/tenisove-mice-wilson-roland-garros-all-court-4-pack-76771.jpg,Wilson Roland Garros All Court (4 Pack),44.75,,
13626,Tretorn Academy Orange (3 Pack),"Dětské tenisové míče tretorn academy orange (3 pack) jsou tenisáky pro děti. Tenisové míče pro děti jsou větší a lehčí, aby nejmenším tenistům usnadnily nácvik techniky a fyzicky nezatěžovaly ruce. Perfektně se hodí pro tenisové trenéry a kluby právě na trénink dětí. Tenisáky s dlouhou životností na rekreační tenis",https://www.sportega.cz/detske-tenisove-mice-tretorn-academy-orange-3-pack/d13626,https://www.sportega.cz/detske-tenisove-mice-tretorn-academy-orange-3-pack-13626.jpg,in stock,159.0,Sportovní potřeby > Atletické sporty > Tenis > Tenisové míčky,Tretorn,Sportega > Tenis > Míčky > Míče pro děti,867,"tréninkové nasazení,začínající hráči",všechny povrchy,3.0,Netlakovaný,13626,https://www.sportega.cz/detske-tenisove-mice-tretorn-academy-orange-3-pack/d13626,https://www.sportega.cz/detske-tenisove-mice-tretorn-academy-orange-3-pack-13626.jpg,Tretorn Academy Orange (3 Pack),53.0,8.0,9.0
33482,Wilson Starter Red (36 Pack),"Dětské tenisové míče wilson starter red (36 pack) jsou tenisáky pro děti. Tenisové míče pro děti jsou větší a lehčí, aby nejmenším tenistům usnadnily nácvik techniky a fyzicky nezatěžovaly ruce. Perfektně se hodí pro tenisové trenéry a kluby právě na trénink dětí. Tlakované tenisové míče s větší pružností",https://www.sportega.cz/detske-tenisove-mice-wilson-starter-red-36-pack/d33482,https://www.sportega.cz/detske-tenisove-mice-wilson-starter-red-36-pack-33482.jpg,in stock,1579.0,Sportovní potřeby > Atletické sporty > Tenis > Tenisové míčky,Wilson,Sportega > Tenis > Míčky > Míče pro děti,8600,"tréninkové nasazení,volný čas,školní aktivity",všechny povrchy,36.0,Tlakovaný,33482,https://www.sportega.cz/detske-tenisove-mice-wilson-starter-red-36-pack/d33482,https://www.sportega.cz/detske-tenisove-mice-wilson-starter-red-36-pack-33482.jpg,Wilson Starter Red (36 Pack),43.861111111111114,5.0,8.0
21548,Wilson Starter Orange (3 Pack),"Dětské tenisové míče wilson starter orange (3 pack) jsou tenisáky pro děti. Tenisové míče pro děti jsou větší a lehčí, aby nejmenším tenistům usnadnily nácvik techniky a fyzicky nezatěžovaly ruce. Perfektně se hodí pro tenisové trenéry a kluby právě na trénink dětí. Tlakované tenisové míče s větší pružností",https://www.sportega.cz/detske-tenisove-mice-wilson-starter-orange-3-pack/d21548,https://www.sportega.cz/detske-tenisove-mice-wilson-starter-orange-3-pack-21548.jpg,in stock,155.0,Sportovní potřeby > Atletické sporty > Tenis > Tenisové míčky,Wilson,Sportega > Tenis > Míčky > Míče pro děti,3939,"tréninkové nasazení,volný čas,školní aktivity",všechny povrchy,3.0,Tlakovaný,21548,https://www.sportega.cz/detske-tenisove-mice-wilson-starter-orange-3-pack/d21548,https://www.sportega.cz/detske-tenisove-mice-wilson-starter-orange-3-pack-21548.jpg,Wilson Starter Orange (3 Pack),51.666666666666664,8.0,9.0
13717,Tecnifibre Club (4 Pack),"Tenisové míče tecnifibre club (4 pack) jsou tenisové míčky pro pestrou hru. Pamatuj, že míčky postupem času ztrácí své vlastnosti a je potřeba je pravidelně měnit, proto neuděláš chybu, pokud si koupíš dvě tři dózy do zásoby.",https://www.sportega.cz/tenisove-mice-tecnifibre-club-4-pack/d13717,https://www.sportega.cz/tenisove-mice-tecnifibre-club-4-pack-13717.jpg,in stock,199.0,Sportovní potřeby > Atletické sporty > Tenis > Tenisové míčky,Tecnifibre,Sportega > Tenis > Míčky,1193,zápasové a turnajové nasazení,všechny povrchy,4.0,Tlakovaný,13717,https://www.sportega.cz/tenisove-mice-tecnifibre-club-4-pack/d13717,https://www.sportega.cz/tenisove-mice-tecnifibre-club-4-pack-13717.jpg,Tecnifibre Club (4 Pack),49.75,,
20316,Slazenger Wimbledon Ultra Vis (4 Pack),"Tenisové míče slazenger wimbledon ultra vis (4 pack) jsou tenisové míčky pro pestrou hru. Pamatuj, že míčky postupem času ztrácí své vlastnosti a je potřeba je pravidelně měnit, proto neuděláš chybu, pokud si koupíš dvě tři dózy do zásoby.",https://www.sportega.cz/tenisove-mice-slazenger-wimbledon-ultra-vis-4-pack/d20316,https://www.sportega.cz/tenisove-mice-slazenger-wimbledon-ultra-vis-4-pack-20316.jpg,in stock,219.0,Sportovní potřeby > Atletické sporty > Tenis > Tenisové míčky,Slazenger,Sportega > Tenis > Míčky,15527,zápasové a turnajové nasazení,všechny povrchy,4.0,Tlakovaný,20316,https://www.sportega.cz/tenisove-mice-slazenger-wimbledon-ultra-vis-4-pack/d20316,https://www.sportega.cz/tenisove-mice-slazenger-wimbledon-ultra-vis-4-pack-20316.jpg,Slazenger Wimbledon Ultra Vis (4 Pack),54.75,,
34108,Tecnifibre Court (4 Pack),"Tenisové míče tecnifibre court jsou špičkové míče pro všechny typy herních povrchů. Mají dynamické jádro a jejich povrch tvoří z 55 % přírodní vlna a bavlna.vnitřní část míčů je vyrobena z gumy grand touring rubber.balení obsahuje celkem 4 míče.všechny mají certifikaci iff a fft, což znamená, že na kontrole jejich kvality se podílely přední tenisové federace.",https://www.sportega.cz/tenisove-mice-tecnifibre-court-4-pack/d34108,https://www.sportega.cz/tenisove-mice-tecnifibre-court-4-pack-34108.jpg,in stock,189.0,Sportovní potřeby > Atletické sporty > Tenis > Tenisové míčky,Tecnifibre,Sportega > Tenis > Míčky,2008,"tréninkové nasazení,volný čas",všechny povrchy,4.0,Tlakovaný,34108,https://www.sportega.cz/tenisove-mice-tecnifibre-court-4-pack/d34108,https://www.sportega.cz/tenisove-mice-tecnifibre-court-4-pack-34108.jpg,Tecnifibre Court (4 Pack),47.25,,
183410,Yonex Championship (4 Pack),Tenisové míče yonex championship jsou tlakované míče pro tréninkové použití se slušnou trvanlivostí. V balení 4 kusy.,https://www.sportega.cz/tenisove-mice-yonex-championship-4-pack/d183410,https://www.sportega.cz/tenisove-mice-yonex-championship-4-pack-183410.jpg,in stock,209.0,Sportovní potřeby > Atletické sporty > Tenis > Tenisové míčky,Yonex,Sportega > Tenis > Míčky,1619,tréninkové nasazení,všechny povrchy,4.0,Tlakovaný,183410,https://www.sportega.cz/tenisove-mice-yonex-championship-4-pack/d183410,https://www.sportega.cz/tenisove-mice-yonex-championship-4-pack-183410.jpg,Yonex Championship (4 Pack),52.25,,
79588,Head Tour XT (4 Pack),"Tenisové míče head tour xt (4 pack) jsou tenisové míčky pro pestrou hru. Pamatuj, že míčky postupem času ztrácí své vlastnosti a je potřeba je pravidelně měnit, proto neuděláš chybu, pokud si koupíš dvě tři dózy do zásoby.",https://www.sportega.cz/tenisove-mice-head-tour-xt-4-pack/d79588,https://www.sportega.cz/tenisove-mice-head-tour-xt-4-pack-79588.jpg,in stock,179.0,Sportovní potřeby > Atletické sporty > Tenis > Tenisové míčky,Head,Sportega > Tenis > Míčky,68163,"zápasové a turnajové nasazení,tréninkové nasazení","antuka,tvrdé povrchy",4.0,Tlakovaný,79588,https://www.sportega.cz/tenisove-mice-head-tour-xt-4-pack/d79588,https://www.sportega.cz/tenisove-mice-head-tour-xt-4-pack-79588.jpg,Head Tour XT (4 Pack),44.75,,
8576,Head Tour (4 Pack),"Tenisové míče head tour (4 pack) jsou tenisové míčky pro pestrou hru. Pamatuj, že míčky postupem času ztrácí své vlastnosti a je potřeba je pravidelně měnit, proto neuděláš chybu, pokud si koupíš dvě tři dózy do zásoby.",https://www.sportega.cz/tenisove-mice-head-tour-4-pack/d8576,https://www.sportega.cz/tenisove-mice-head-tour-4-pack-8576.jpg,in stock,179.0,Sportovní potřeby > Atletické sporty > Tenis > Tenisové míčky,Head,Sportega > Tenis > Míčky,193822,"zápasové a turnajové nasazení,tréninkové nasazení",všechny povrchy,4.0,Tlakovaný,8576,https://www.sportega.cz/tenisove-mice-head-tour-4-pack/d8576,https://www.sportega.cz/tenisove-mice-head-tour-4-pack-8576.jpg,Head Tour (4 Pack),44.75,,
65053,Wilson Tour Premier All Court (4 Pack),"Tenisové míče wilson tour premier all court (4 pack) jsou tenisové míčky pro pestrou hru. Pamatuj, že míčky postupem času ztrácí své vlastnosti a je potřeba je pravidelně měnit, proto neuděláš chybu, pokud si koupíš dvě tři dózy do zásoby.",https://www.sportega.cz/tenisove-mice-wilson-tour-premier-all-court-4-pack/d65053,https://www.sportega.cz/tenisove-mice-wilson-tour-premier-all-court-4-pack-65053.jpg,in_stock,179.0,Sportovní potřeby > Atletické sporty > Tenis > Tenisové míčky,Wilson,Sportega > Tenis > Míčky,44924,"zápasové a turnajové nasazení,tréninkové nasazení",všechny povrchy,4.0,Tlakovaný,65053,https://www.sportega.cz/tenisove-mice-wilson-tour-premier-all-court-4-pack/d65053,https://www.sportega.cz/tenisove-mice-wilson-tour-premier-all-court-4-pack-65053.jpg,Wilson Tour Premier All Court (4 Pack),44.75,,
8065,Tecnifibre Mini (3 Pack),"Dětské tenisové míče tecnifibre mini (3 pack) jsou tenisáky pro děti. Tenisové míče pro děti jsou větší a lehčí, aby nejmenším tenistům usnadnily nácvik techniky a fyzicky nezatěžovaly ruce. Perfektně se hodí pro tenisové trenéry a kluby právě na trénink dětí. Tlakované tenisové míče s větší pružností",https://www.sportega.cz/detske-tenisove-mice-tecnifibre-mini-3-pack/d8065,https://www.sportega.cz/detske-tenisove-mice-tecnifibre-mini-3-pack-8065.jpg,in stock,139.0,Sportovní potřeby > Atletické sporty > Tenis > Tenisové míčky,Tecnifibre,Sportega > Tenis > Míčky > Míče pro děti,1209,"tréninkové nasazení,volný čas,školní aktivity",všechny povrchy,3.0,Tlakovaný,8065,https://www.sportega.cz/detske-tenisove-mice-tecnifibre-mini-3-pack/d8065,https://www.sportega.cz/detske-tenisove-mice-tecnifibre-mini-3-pack-8065.jpg,Tecnifibre Mini (3 Pack),46.333333333333336,8.0,9.0
161037,Tretorn Academy Green (36 Pack),"Dětské tenisové míče tretorn academy green (36 pack) jsou tenisáky pro děti. Tenisové míče pro děti jsou větší a lehčí, aby nejmenším tenistům usnadnily nácvik techniky a fyzicky nezatěžovaly ruce. Perfektně se hodí pro tenisové trenéry a kluby právě na trénink dětí. Tenisáky s dlouhou životností na rekreační tenis",https://www.sportega.cz/detske-tenisove-mice-tretorn-academy-green-36-pack/d161037,https://www.sportega.cz/detske-tenisove-mice-tretorn-academy-green-36-pack-161037.jpg,in_stock,1699.0,Sportovní potřeby > Atletické sporty > Tenis > Tenisové míčky,Tretorn,Sportega > Tenis > Míčky > Míče pro děti,4338,"tréninkové nasazení,volný čas,školní aktivity",všechny povrchy,36.0,Netlakovaný,161037,https://www.sportega.cz/detske-tenisove-mice-tretorn-academy-green-36-pack/d161037,https://www.sportega.cz/detske-tenisove-mice-tretorn-academy-green-36-pack-161037.jpg,Tretorn Academy Green (36 Pack),47.19444444444444,9.0,10.0
9621,Head Team (4 Pack),"Tenisové míče head team (4 pack) jsou tenisové míčky pro pestrou hru. Pamatuj, že míčky postupem času ztrácí své vlastnosti a je potřeba je pravidelně měnit, proto neuděláš chybu, pokud si koupíš dvě tři dózy do zásoby.",https://www.sportega.cz/tenisove-mice-head-team-4-pack/d9621,https://www.sportega.cz/tenisove-mice-head-team-4-pack-9621.jpg,in stock,125.0,Sportovní potřeby > Atletické sporty > Tenis > Tenisové míčky,Head,Sportega > Tenis > Míčky,109896,"tréninkové nasazení,volný čas",všechny povrchy,4.0,Tlakovaný,9621,https://www.sportega.cz/tenisove-mice-head-team-4-pack/d9621,https://www.sportega.cz/tenisove-mice-head-team-4-pack-9621.jpg,Head Team (4 Pack),31.25,,
22801,Babolat Red Foam (3 Pack),"Dětské tenisové míče babolat red foam (3 pack) jsou tenisáky pro děti. Tenisové míče pro děti jsou větší a lehčí, aby nejmenším tenistům usnadnily nácvik techniky a fyzicky nezatěžovaly ruce. Perfektně se hodí pro tenisové trenéry a kluby právě na trénink dětí. Kvalitní tenisové míče na trénink",https://www.sportega.cz/detske-tenisove-mice-babolat-red-foam-3-pack/d22801,https://www.sportega.cz/detske-tenisove-mice-babolat-red-foam-3-pack-22801.jpg,in stock,239.0,Sportovní potřeby > Atletické sporty > Tenis > Tenisové míčky,Babolat,Sportega > Tenis > Míčky > Míče pro děti,2951,"tréninkové nasazení,volný čas,školní aktivity","extra tvrdé povrchy (škvára, beton, asfalt)",3.0,Pěnový,22801,https://www.sportega.cz/detske-tenisove-mice-babolat-red-foam-3-pack/d22801,https://www.sportega.cz/detske-tenisove-mice-babolat-red-foam-3-pack-22801.jpg,Babolat Red Foam (3 Pack),79.66666666666667,8.0,9.0
19330,Wilson US Open (4 Pack),"Tenisové míče wilson us open (4 pack) jsou tenisové míčky pro pestrou hru. Pamatuj, že míčky postupem času ztrácí své vlastnosti a je potřeba je pravidelně měnit, proto neuděláš chybu, pokud si koupíš dvě tři dózy do zásoby.",https://www.sportega.cz/tenisove-mice-wilson-us-open-4-pack/d19330,https://www.sportega.cz/tenisove-mice-wilson-us-open-4-pack-19330.jpg,in stock,169.0,Sportovní potřeby > Atletické sporty > Tenis > Tenisové míčky,Wilson,Sportega > Tenis > Míčky,107663,"zápasové a turnajové nasazení,tréninkové nasazení",všechny povrchy,4.0,Tlakovaný,19330,https://www.sportega.cz/tenisove-mice-wilson-us-open-4-pack/d19330,https://www.sportega.cz/tenisove-mice-wilson-us-open-4-pack-19330.jpg,Wilson US Open (4 Pack),42.25,,
66981,Dunlop Australian Open (4 Pack),"Tenisové míče dunlop australian open (4 pack) jsou tenisové míčky pro pestrou hru. Pamatuj, že míčky postupem času ztrácí své vlastnosti a je potřeba je pravidelně měnit, proto neuděláš chybu, pokud si koupíš dvě tři dózy do zásoby.",https://www.sportega.cz/tenisove-mice-dunlop-australian-open-4-pack/d66981,https://www.sportega.cz/tenisove-mice-dunlop-australian-open-4-pack-66981.jpg,in stock,185.0,Sportovní potřeby > Atletické sporty > Tenis > Tenisové míčky,Dunlop,Sportega > Tenis > Míčky,24591,"zápasové a turnajové nasazení,tréninkové nasazení",všechny povrchy,4.0,Tlakovaný,66981,https://www.sportega.cz/tenisove-mice-dunlop-australian-open-4-pack/d66981,https://www.sportega.cz/tenisove-mice-dunlop-australian-open-4-pack-66981.jpg,Dunlop Australian Open (4 Pack),46.25,,
175080,Babolat Gold All Court (4 Pack),"Tenisové míče babolat gold all court (4 pack) jsou tenisové míčky pro pestrou hru. Pamatuj, že míčky postupem času ztrácí své vlastnosti a je potřeba je pravidelně měnit, proto neuděláš chybu, pokud si koupíš dvě tři dózy do zásoby.",https://www.sportega.cz/tenisove-mice-babolat-gold-all-court-4-pack/d175080,https://www.sportega.cz/tenisove-mice-babolat-gold-all-court-4-pack-175080.jpg,in stock,199.0,Sportovní potřeby > Atletické sporty > Tenis > Tenisové míčky,Babolat,Sportega > Tenis > Míčky,2223,"zápasové a turnajové nasazení,tréninkové nasazení",všechny povrchy,4.0,Tlakovaný,175080,https://www.sportega.cz/tenisove-mice-babolat-gold-all-court-4-pack/d175080,https://www.sportega.cz/tenisove-mice-babolat-gold-all-court-4-pack-175080.jpg,Babolat Gold All Court (4 Pack),49.75,,
18244,Tecnifibre My New Ball (3 Pack),"Dětské tenisové míče tecnifibre my new ball (3 pack) jsou tenisáky pro děti. Tenisové míče pro děti jsou větší a lehčí, aby nejmenším tenistům usnadnily nácvik techniky a fyzicky nezatěžovaly ruce. Perfektně se hodí pro tenisové trenéry a kluby právě na trénink dětí. Tenisáky s dlouhou životností na rekreační tenis",https://www.sportega.cz/detske-tenisove-mice-tecnifibre-my-new-ball-3-pack/d18244,https://www.sportega.cz/detske-tenisove-mice-tecnifibre-my-new-ball-3-pack-18244.jpg,in stock,159.0,Sportovní potřeby > Atletické sporty > Tenis > Tenisové míčky,Tecnifibre,Sportega > Tenis > Míčky > Míče pro děti,182,"tréninkové nasazení,začínající hráči",všechny povrchy,3.0,Netlakovaný,18244,https://www.sportega.cz/detske-tenisove-mice-tecnifibre-my-new-ball-3-pack/d18244,https://www.sportega.cz/detske-tenisove-mice-tecnifibre-my-new-ball-3-pack-18244.jpg,Tecnifibre My New Ball (3 Pack),53.0,5.0,8.0
9619,Head Championship (4 Pack),"Tenisové míče head championship (4 pack) jsou tenisové míčky pro pestrou hru. Pamatuj, že míčky postupem času ztrácí své vlastnosti a je potřeba je pravidelně měnit, proto neuděláš chybu, pokud si koupíš dvě tři dózy do zásoby.",https://www.sportega.cz/tenisove-mice-head-championship-4-pack/d9619,https://www.sportega.cz/tenisove-mice-head-championship-4-pack-9619.jpg,in stock,145.0,Sportovní potřeby > Atletické sporty > Tenis > Tenisové míčky,Head,Sportega > Tenis > Míčky,49844,"tréninkové nasazení,volný čas",všechny povrchy,4.0,Tlakovaný,9619,https://www.sportega.cz/tenisove-mice-head-championship-4-pack/d9619,https://www.sportega.cz/tenisove-mice-head-championship-4-pack-9619.jpg,Head Championship (4 Pack),36.25,,
9620,Head Championship (3 Pack),"Tenisové míče head championship (3 pack) jsou tenisové míčky pro pestrou hru. Pamatuj, že míčky postupem času ztrácí své vlastnosti a je potřeba je pravidelně měnit, proto neuděláš chybu, pokud si koupíš dvě tři dózy do zásoby.",https://www.sportega.cz/tenisove-mice-head-championship-3-pack/d9620,https://www.sportega.cz/tenisove-mice-head-championship-3-pack-9620.jpg,in stock,119.0,Sportovní potřeby > Atletické sporty > Tenis > Tenisové míčky,Head,Sportega > Tenis > Míčky,7621,"tréninkové nasazení,volný čas",všechny povrchy,3.0,Tlakovaný,9620,https://www.sportega.cz/tenisove-mice-head-championship-3-pack/d9620,https://www.sportega.cz/tenisove-mice-head-championship-3-pack-9620.jpg,Head Championship (3 Pack),39.666666666666664,,
21857,Wilson Starter Red (3 Pack),"Dětské tenisové míče wilson starter red (3 pack) jsou tenisáky pro děti. Tenisové míče pro děti jsou větší a lehčí, aby nejmenším tenistům usnadnily nácvik techniky a fyzicky nezatěžovaly ruce. Perfektně se hodí pro tenisové trenéry a kluby právě na trénink dětí. Tlakované tenisové míče s větší pružností",https://www.sportega.cz/detske-tenisove-mice-wilson-starter-red-3-pack/d21857,https://www.sportega.cz/detske-tenisove-mice-wilson-starter-red-3-pack-21857.jpg,in_stock,149.0,Sportovní potřeby > Atletické sporty > Tenis > Tenisové míčky,Wilson,Sportega > Tenis > Míčky > Míče pro děti,1754,"tréninkové nasazení,volný čas,školní aktivity",všechny povrchy,3.0,Tlakovaný,21857,https://www.sportega.cz/detske-tenisove-mice-wilson-starter-red-3-pack/d21857,https://www.sportega.cz/detske-tenisove-mice-wilson-starter-red-3-pack-21857.jpg,Wilson Starter Red (3 Pack),49.666666666666664,5.0,8.0
6727,Head Pro 4 Pack,"Tenisové míče head pro 4 pack jsou tenisové míčky pro pestrou hru. Pamatuj, že míčky postupem času ztrácí své vlastnosti a je potřeba je pravidelně měnit, proto neuděláš chybu, pokud si koupíš dvě tři dózy do zásoby.",https://www.sportega.cz/tenisove-mice-head-pro-4-pack/d6727,https://www.sportega.cz/tenisove-mice-head-pro-4-pack-6727.jpg,in stock,149.0,Sportovní potřeby > Atletické sporty > Tenis > Tenisové míčky,Head,Sportega > Tenis > Míčky,96316,zápasové a turnajové nasazení,všechny povrchy,4.0,Tlakovaný,6727,https://www.sportega.cz/tenisove-mice-head-pro-4-pack/d6727,https://www.sportega.cz/tenisove-mice-head-pro-4-pack-6727.jpg,Head Pro 4 Pack,37.25,,
112259,Wilson Triniti Pro (4 Pack),Výhra pro tenis i životní prostředí,https://www.sportega.cz/tenisove-mice-wilson-triniti-pro-4-pack/d112259,https://www.sportega.cz/tenisove-mice-wilson-triniti-pro-4-pack-112259.jpg,in stock,329.0,Sportovní potřeby > Atletické sporty > Tenis > Tenisové míčky,Wilson,Sportega > Tenis > Míčky,3791,zápasové a turnajové nasazení,všechny povrchy,4.0,Netlakovaný,112259,https://www.sportega.cz/tenisove-mice-wilson-triniti-pro-4-pack/d112259,https://www.sportega.cz/tenisove-mice-wilson-triniti-pro-4-pack-112259.jpg,Wilson Triniti Pro (4 Pack),82.25,,
161038,Tretorn Coach (72 Pack),Tenisové míče tretorn coach (72 ks) jsou vhodné do klubů pro trenéry na trénink svých svěřenců. Jejich hlavní výhodá je perfektní trvanlivost. V balení je 72 míčů.,https://www.sportega.cz/tenisove-mice-tretorn-coach-72-pack/d161038,https://www.sportega.cz/tenisove-mice-tretorn-coach-72-pack-161038.jpg,in stock,2799.0,Sportovní potřeby > Atletické sporty > Tenis > Tenisové míčky,Tretorn,Sportega > Tenis > Míčky,8057,trénink,všechny povrchy,72.0,Netlakovaný,161038,https://www.sportega.cz/tenisove-mice-tretorn-coach-72-pack/d161038,https://www.sportega.cz/tenisove-mice-tretorn-coach-72-pack-161038.jpg,Tretorn Coach (72 Pack),38.875,,
1446793,Tretorn Serie+ Club (4 Pack),"Tenisové míče tretorn serie+ club (4 pack) jsou tenisové míčky pro pestrou hru. Pamatuj, že míčky postupem času ztrácí své vlastnosti a je potřeba je pravidelně měnit, proto neuděláš chybu, pokud si koupíš dvě tři dózy do zásoby.",https://www.sportega.cz/tenisove-mice-tretorn-serie-club-4-pack/d1446793,https://www.sportega.cz/tenisove-mice-tretorn-serie-club-4-pack-1446793.jpg,in stock,189.0,Sportovní potřeby > Atletické sporty > Tenis > Tenisové míčky,Tretorn,Sportega > Tenis > Míčky,2793,"trénink,závodní a turnajové nasazení",všechny povrchy,4.0,Tlakovaný,1446793,https://www.sportega.cz/tenisove-mice-tretorn-serie-club-4-pack/d1446793,https://www.sportega.cz/tenisove-mice-tretorn-serie-club-4-pack-1446793.jpg,Tretorn Serie+ Club (4 Pack),47.25,,
13615,Tretorn Serie+ Court (4 Pack),"Tenisové míče tretorn serie+ court (4 pack) jsou tenisové míčky pro pestrou hru. Pamatuj, že míčky postupem času ztrácí své vlastnosti a je potřeba je pravidelně měnit, proto neuděláš chybu, pokud si koupíš dvě tři dózy do zásoby.",https://www.sportega.cz/tenisove-mice-tretorn-serie-court-4-pack/d13615,https://www.sportega.cz/tenisove-mice-tretorn-serie-court-4-pack-13615.jpg,in stock,169.0,Sportovní potřeby > Atletické sporty > Tenis > Tenisové míčky,Tretorn,Sportega > Tenis > Míčky,2975,"trénink,klubové a amatérské nasazení",všechny povrchy,4.0,Tlakovaný,13615,https://www.sportega.cz/tenisove-mice-tretorn-serie-court-4-pack/d13615,https://www.sportega.cz/tenisove-mice-tretorn-serie-court-4-pack-13615.jpg,Tretorn Serie+ Court (4 Pack),42.25,,
13628,Tretorn Academy Green (3 Pack),"Dětské tenisové míče tretorn academy green (3 pack) jsou tenisáky pro děti. Tenisové míče pro děti jsou větší a lehčí, aby nejmenším tenistům usnadnily nácvik techniky a fyzicky nezatěžovaly ruce. Perfektně se hodí pro tenisové trenéry a kluby právě na trénink dětí. Tenisáky s dlouhou životností na rekreační tenis",https://www.sportega.cz/detske-tenisove-mice-tretorn-academy-green-3-pack/d13628,https://www.sportega.cz/detske-tenisove-mice-tretorn-academy-green-3-pack-13628.jpg,in stock,159.0,Sportovní potřeby > Atletické sporty > Tenis > Tenisové míčky,Tretorn,Sportega > Tenis > Míčky > Míče pro děti,1908,"tréninkové nasazení,začínající hráči",všechny povrchy,3.0,Netlakovaný,13628,https://www.sportega.cz/detske-tenisove-mice-tretorn-academy-green-3-pack/d13628,https://www.sportega.cz/detske-tenisove-mice-tretorn-academy-green-3-pack-13628.jpg,Tretorn Academy Green (3 Pack),53.0,9.0,10.0
3553,Tretorn Micro X (4 Pack),"Tenisové míče tretorn micro x (4 pack) jsou tenisové míčky pro pestrou hru. Pamatuj, že míčky postupem času ztrácí své vlastnosti a je potřeba je pravidelně měnit, proto neuděláš chybu, pokud si koupíš dvě tři dózy do zásoby.",https://www.sportega.cz/tenisove-mice-tretorn-micro-x-4-pack/d3553,https://www.sportega.cz/tenisove-mice-tretorn-micro-x-4-pack-3553.jpg,in stock,279.0,Sportovní potřeby > Atletické sporty > Tenis > Tenisové míčky,Tretorn,Sportega > Tenis > Míčky,11809,"zápasové a turnajové nasazení,tréninkové nasazení,volný čas",všechny povrchy,4.0,Netlakovaný,3553,https://www.sportega.cz/tenisove-mice-tretorn-micro-x-4-pack/d3553,https://www.sportega.cz/tenisove-mice-tretorn-micro-x-4-pack-3553.jpg,Tretorn Micro X (4 Pack),69.75,,
82666,Head Giant Inflatable Ball,"Tenisové míče head giant inflatable ball jsou tenisové míčky pro pestrou hru. Pamatuj, že míčky postupem času ztrácí své vlastnosti a je potřeba je pravidelně měnit, proto neuděláš chybu, pokud si koupíš dvě tři dózy do zásoby.",https://www.sportega.cz/tenisovy-mic-head-giant-inflatable-ball/d82666,https://www.sportega.cz/tenisovy-mic-head-giant-inflatable-ball-82666.jpg,in stock,449.0,Sportovní potřeby > Atletické sporty > Tenis > Tenisové míčky,Head,Sportega > Tenis > Míčky > Velké tenisové míče,3504,,všechny povrchy,,,82666,https://www.sportega.cz/tenisovy-mic-head-giant-inflatable-ball/d82666,https://www.sportega.cz/tenisovy-mic-head-giant-inflatable-ball-82666.jpg,Head Giant Inflatable Ball,,,
21143,Head Medium Tennis Promo Ball,"Tenisové míče head medium tennis promo ball jsou tenisové míčky pro pestrou hru. Pamatuj, že míčky postupem času ztrácí své vlastnosti a je potřeba je pravidelně měnit, proto neuděláš chybu, pokud si koupíš dvě tři dózy do zásoby.",https://www.sportega.cz/tenisovy-mic-head-medium-tennis-promo-ball/d21143,https://www.sportega.cz/tenisovy-mic-head-medium-tennis-promo-ball-21143.jpg,in stock,259.0,Sportovní potřeby > Atletické sporty > Tenis > Tenisové míčky,Head,Sportega > Tenis > Míčky > Velké tenisové míče,1935,,všechny povrchy,,,21143,https://www.sportega.cz/tenisovy-mic-head-medium-tennis-promo-ball/d21143,https://www.sportega.cz/tenisovy-mic-head-medium-tennis-promo-ball-21143.jpg,Head Medium Tennis Promo Ball,,,
183041,Tecnifibre X-One (4 ks),"Balení 4 kusů populárních tlakovaných tenisových míčů tecnifibre x-one s perfektním výkonem. Hlavní předností míče jsou výborné herní vlastnosti a dlouhá trvanlivost. K jejich výrobě se používají jen ty nejlepší přírodní materiály, které zaručují dlouhou životnost, rychlost a odolnost. Vhodné jsou na všechny typy povrchů. Hodí se jak k turnajové hře, tak na trénování i rekreační hru.",https://www.sportega.cz/tenisove-mice-tecnifibre-x-one-4-ks/d183041,https://www.sportega.cz/tenisove-mice-tecnifibre-x-one-4-ks-183041.jpg,in stock,249.0,Sportovní potřeby > Atletické sporty > Tenis > Tenisové míčky,Tecnifibre,Sportega > Tenis > Míčky,6041,"tréninkové nasazení,zápasové a turnajové nasazení",všechny povrchy,4.0,Tlakovaný,183041,https://www.sportega.cz/tenisove-mice-tecnifibre-x-one-4-ks/d183041,https://www.sportega.cz/tenisove-mice-tecnifibre-x-one-4-ks-183041.jpg,Tecnifibre X-One (4 ks),62.25,,
34211,Tecnifibre X-One Bipack (2x4 Pack),"Tenisové míče tecnifibre x-one bipack (2x4 pack) jsou tenisové míčky pro pestrou hru. Pamatuj, že míčky postupem času ztrácí své vlastnosti a je potřeba je pravidelně měnit, proto neuděláš chybu, pokud si koupíš dvě tři dózy do zásoby.",https://www.sportega.cz/tenisove-mice-tecnifibre-x-one-bipack-2x4-pack/d34211,https://www.sportega.cz/tenisove-mice-tecnifibre-x-one-bipack-2x4-pack-34211.jpg,in stock,369.0,Sportovní potřeby > Atletické sporty > Tenis > Tenisové míčky,Tecnifibre,Sportega > Tenis > Míčky,726990,"zápasové a turnajové nasazení,tréninkové nasazení",všechny povrchy,2.0,Tlakovaný,34211,https://www.sportega.cz/tenisove-mice-tecnifibre-x-one-bipack-2x4-pack/d34211,https://www.sportega.cz/tenisove-mice-tecnifibre-x-one-bipack-2x4-pack-34211.jpg,Tecnifibre X-One Bipack (2x4 Pack),184.5,,
76770,Wilson Roland Garros Clay (4 Pack),"Tenisové míče wilson roland garros clay (4 pack) jsou tenisové míčky pro pestrou hru. Pamatuj, že míčky postupem času ztrácí své vlastnosti a je potřeba je pravidelně měnit, proto neuděláš chybu, pokud si koupíš dvě tři dózy do zásoby.",https://www.sportega.cz/tenisove-mice-wilson-roland-garros-clay-4-pack/d76770,https://www.sportega.cz/tenisove-mice-wilson-roland-garros-clay-4-pack-76770.jpg,in stock,199.0,Sportovní potřeby > Atletické sporty > Tenis > Tenisové míčky,Wilson,Sportega > Tenis > Míčky,46455,zápasové a turnajové nasazení,všechny povrchy,4.0,Tlakovaný,76770,https://www.sportega.cz/tenisove-mice-wilson-roland-garros-clay-4-pack/d76770,https://www.sportega.cz/tenisove-mice-wilson-roland-garros-clay-4-pack-76770.jpg,Wilson Roland Garros Clay (4 Pack),49.75,,
78147,Babolat Gold Championship (4 Pack),"Tenisové míče babolat gold championship (4 pack) jsou tenisové míčky pro pestrou hru. Pamatuj, že míčky postupem času ztrácí své vlastnosti a je potřeba je pravidelně měnit, proto neuděláš chybu, pokud si koupíš dvě tři dózy do zásoby.",https://www.sportega.cz/tenisove-mice-babolat-gold-championship-4-pack/d78147,https://www.sportega.cz/tenisove-mice-babolat-gold-championship-4-pack-78147.jpg,in stock,169.0,Sportovní potřeby > Atletické sporty > Tenis > Tenisové míčky,Babolat,Sportega > Tenis > Míčky,8079,tréninkové nasazení,všechny povrchy,4.0,Tlakovaný,78147,https://www.sportega.cz/tenisove-mice-babolat-gold-championship-4-pack/d78147,https://www.sportega.cz/tenisove-mice-babolat-gold-championship-4-pack-78147.jpg,Babolat Gold Championship (4 Pack),42.25,,
56057,Head Trainer (72B),"Tenisové míče head trainer (72b) jsou tenisové míčky pro pestrou hru. Pamatuj, že míčky postupem času ztrácí své vlastnosti a je potřeba je pravidelně měnit, proto neuděláš chybu, pokud si koupíš dvě tři dózy do zásoby.",https://www.sportega.cz/tenisove-mice-head-trainer-72b/d56057,https://www.sportega.cz/tenisove-mice-head-trainer-72b-56057.jpg,in stock,2599.0,Sportovní potřeby > Atletické sporty > Tenis > Tenisové míčky,Head,Sportega > Tenis > Míčky,35766,"tréninkové nasazení,volný čas,školní aktivity",všechny povrchy,72.0,Netlakovaný,56057,https://www.sportega.cz/tenisove-mice-head-trainer-72b/d56057,https://www.sportega.cz/tenisove-mice-head-trainer-72b-56057.jpg,Head Trainer (72B),36.09722222222222,,
183411,Yonex Tour (4 Pack),Tenisové míče yonex tour jsou tlakované míče pro turnajové i tréninkové použití se slušnou trvanlivostí. V balení 4 kusy.,https://www.sportega.cz/tenisove-mice-yonex-tour-4-pack/d183411,https://www.sportega.cz/tenisove-mice-yonex-tour-4-pack-183411.jpg,in stock,229.0,Sportovní potřeby > Atletické sporty > Tenis > Tenisové míčky,Yonex,Sportega > Tenis > Míčky,3818,"tréninkové nasazení,zápasové a turnajové nasazení",všechny povrchy,4.0,Tlakovaný,183411,https://www.sportega.cz/tenisove-mice-yonex-tour-4-pack/d183411,https://www.sportega.cz/tenisove-mice-yonex-tour-4-pack-183411.jpg,Yonex Tour (4 Pack),57.25,,
160985,Babolat Gold Academy X 72 Bag,"Tenisové míče babolat gold academy x 72 jsou beztlakové míče, které kombinují rychlost a životnost. Jsou vhodné pro tréninky mírně až středně pokročilých hráčů.",https://www.sportega.cz/tenisove-mice-babolat-gold-academy-x-72-bag/d160985,https://www.sportega.cz/tenisove-mice-babolat-gold-academy-x-72-bag-160985.jpg,in stock,2999.0,Sportovní potřeby > Atletické sporty > Tenis > Tenisové míčky,Babolat,Sportega > Tenis > Míčky,10611,"Tenis,začínající hráči",všechny povrchy,72.0,Netlakovaný,160985,https://www.sportega.cz/tenisove-mice-babolat-gold-academy-x-72-bag/d160985,https://www.sportega.cz/tenisove-mice-babolat-gold-academy-x-72-bag-160985.jpg,Babolat Gold Academy X 72 Bag,41.65277777777778,,
1481626,Tecnifibre XLD (72 Pack),"Tenisové míče tecnifibre xld (72 pack) jsou tenisové míčky pro pestrou hru. Pamatuj, že míčky postupem času ztrácí své vlastnosti a je potřeba je pravidelně měnit, proto neuděláš chybu, pokud si koupíš dvě tři dózy do zásoby.",https://www.sportega.cz/tenisove-mice-tecnifibre-xld-72-pack/d1481626,https://www.sportega.cz/tenisove-mice-tecnifibre-xld-72-pack-1481626.jpg,in stock,3399.0,Sportovní potřeby > Atletické sporty > Tenis > Tenisové míčky,Tecnifibre,Sportega > Tenis > Míčky,8231,tréninkové nasazení,všechny povrchy,72.0,Netlakovaný,1481626,https://www.sportega.cz/tenisove-mice-tecnifibre-xld-72-pack/d1481626,https://www.sportega.cz/tenisove-mice-tecnifibre-xld-72-pack-1481626.jpg,Tecnifibre XLD (72 Pack),47.208333333333336,,
29281,Babolat Green Bag X72,"Dětské tenisové míče babolat green bag x72 jsou tenisáky pro děti. Tenisové míče pro děti jsou větší a lehčí, aby nejmenším tenistům usnadnily nácvik techniky a fyzicky nezatěžovaly ruce. Perfektně se hodí pro tenisové trenéry a kluby právě na trénink dětí. Tlakované tenisové míče s větší pružností",https://www.sportega.cz/detske-tenisove-mice-babolat-green-bag-x72/d29281,https://www.sportega.cz/detske-tenisove-mice-babolat-green-bag-x72-29281.jpg,in stock,2649.0,Sportovní potřeby > Atletické sporty > Tenis > Tenisové míčky,Babolat,Sportega > Tenis > Míčky > Míče pro děti,9776,"tréninkové nasazení,volný čas,školní aktivity",všechny povrchy,72.0,Tlakovaný,29281,https://www.sportega.cz/detske-tenisove-mice-babolat-green-bag-x72/d29281,https://www.sportega.cz/detske-tenisove-mice-babolat-green-bag-x72-29281.jpg,Babolat Green Bag X72,36.791666666666664,9.0,10.0
9998,Babolat Orange X36,"Dětské tenisové míče babolat orange x36 jsou tenisáky pro děti. Tenisové míče pro děti jsou větší a lehčí, aby nejmenším tenistům usnadnily nácvik techniky a fyzicky nezatěžovaly ruce. Perfektně se hodí pro tenisové trenéry a kluby právě na trénink dětí. Tenisáky s dlouhou životností na rekreační tenis",https://www.sportega.cz/detske-tenisove-mice-babolat-orange-x36/d9998,https://www.sportega.cz/detske-tenisove-mice-babolat-orange-x36-9998.jpg,in stock,1599.0,Sportovní potřeby > Atletické sporty > Tenis > Tenisové míčky,Babolat,Sportega > Tenis > Míčky > Míče pro děti,7355,školní aktivity,všechny povrchy,36.0,Netlakovaný,9998,https://www.sportega.cz/detske-tenisove-mice-babolat-orange-x36/d9998,https://www.sportega.cz/detske-tenisove-mice-babolat-orange-x36-9998.jpg,Babolat Orange X36,44.416666666666664,8.0,9.0
1475287,Head Stage 1 Green 3B,"Dětské tenisové míče head stage 1 green 3b jsou tenisáky pro děti. Tenisové míče pro děti jsou větší a lehčí, aby nejmenším tenistům usnadnily nácvik techniky a fyzicky nezatěžovaly ruce. Perfektně se hodí pro tenisové trenéry a kluby právě na trénink dětí. Tenisáky s dlouhou životností na rekreační tenis",https://www.sportega.cz/detske-tenisove-mice-head-stage-1-green-3b/d1475287,https://www.sportega.cz/detske-tenisove-mice-head-stage-1-green-3b-1475287.jpg,in stock,129.0,Sportovní potřeby > Atletické sporty > Tenis > Tenisové míčky,Head,Sportega > Tenis > Míčky > Míče pro děti,26172,"školní aktivity,tréninkové nasazení",všechny povrchy,3.0,Netlakovaný,1475287,https://www.sportega.cz/detske-tenisove-mice-head-stage-1-green-3b/d1475287,https://www.sportega.cz/detske-tenisove-mice-head-stage-1-green-3b-1475287.jpg,Head Stage 1 Green 3B,43.0,9.0,10.0
1475286,Head Stage 2 Orange 3B,"Dětské tenisové míče head stage 2 orange 3b jsou tenisáky pro děti. Tenisové míče pro děti jsou větší a lehčí, aby nejmenším tenistům usnadnily nácvik techniky a fyzicky nezatěžovaly ruce. Perfektně se hodí pro tenisové trenéry a kluby právě na trénink dětí. Tenisáky s dlouhou životností na rekreační tenis",https://www.sportega.cz/detske-tenisove-mice-head-stage-2-orange-3b/d1475286,https://www.sportega.cz/detske-tenisove-mice-head-stage-2-orange-3b-1475286.jpg,in stock,129.0,Sportovní potřeby > Atletické sporty > Tenis > Tenisové míčky,Head,Sportega > Tenis > Míčky > Míče pro děti,14460,"školní aktivity,tréninkové nasazení",všechny povrchy,3.0,Netlakovaný,1475286,https://www.sportega.cz/detske-tenisove-mice-head-stage-2-orange-3b/d1475286,https://www.sportega.cz/detske-tenisove-mice-head-stage-2-orange-3b-1475286.jpg,Head Stage 2 Orange 3B,43.0,8.0,9.0
1475291,Head Stage 1 Green 72B,"Dětské tenisové míče head stage 1 green 72b jsou tenisáky pro děti. Tenisové míče pro děti jsou větší a lehčí, aby nejmenším tenistům usnadnily nácvik techniky a fyzicky nezatěžovaly ruce. Perfektně se hodí pro tenisové trenéry a kluby právě na trénink dětí. Tenisáky s dlouhou životností na rekreační tenis",https://www.sportega.cz/detske-tenisove-mice-head-stage-1-green-72b/d1475291,https://www.sportega.cz/detske-tenisove-mice-head-stage-1-green-72b-1475291.jpg,in stock,2899.0,Sportovní potřeby > Atletické sporty > Tenis > Tenisové míčky,Head,Sportega > Tenis > Míčky > Míče pro děti,32968,"školní aktivity,tréninkové nasazení",všechny povrchy,72.0,Netlakovaný,1475291,https://www.sportega.cz/detske-tenisove-mice-head-stage-1-green-72b/d1475291,https://www.sportega.cz/detske-tenisove-mice-head-stage-1-green-72b-1475291.jpg,Head Stage 1 Green 72B,40.263888888888886,9.0,10.0
1470102,Babolat Red Felt X3,"Dětské tenisové míče babolat red felt x3 jsou tenisáky pro děti. Tenisové míče pro děti jsou větší a lehčí, aby nejmenším tenistům usnadnily nácvik techniky a fyzicky nezatěžovaly ruce. Perfektně se hodí pro tenisové trenéry a kluby právě na trénink dětí. Tenisáky s dlouhou životností na rekreační tenis",https://www.sportega.cz/detske-tenisove-mice-babolat-red-felt-x3/d1470102,https://www.sportega.cz/detske-tenisove-mice-babolat-red-felt-x3-1470102.jpg,in stock,169.0,Sportovní potřeby > Atletické sporty > Tenis > Tenisové míčky,Babolat,Sportega > Tenis > Míčky > Míče pro děti,2380,"trénink,školní aktivity",všechny povrchy,3.0,Netlakovaný,1470102,https://www.sportega.cz/detske-tenisove-mice-babolat-red-felt-x3/d1470102,https://www.sportega.cz/detske-tenisove-mice-babolat-red-felt-x3-1470102.jpg,Babolat Red Felt X3,56.333333333333336,6.0,8.0
1470100,Babolat Green X3,"Dětské tenisové míče babolat green x3 jsou tenisáky pro děti. Tenisové míče pro děti jsou větší a lehčí, aby nejmenším tenistům usnadnily nácvik techniky a fyzicky nezatěžovaly ruce. Perfektně se hodí pro tenisové trenéry a kluby právě na trénink dětí. Tenisáky s dlouhou životností na rekreační tenis",https://www.sportega.cz/detske-tenisove-mice-babolat-green-x3/d1470100,https://www.sportega.cz/detske-tenisove-mice-babolat-green-x3-1470100.jpg,in stock,149.0,Sportovní potřeby > Atletické sporty > Tenis > Tenisové míčky,Babolat,Sportega > Tenis > Míčky > Míče pro děti,4909,"trénink,školní aktivity",všechny povrchy,3.0,Netlakovaný,1470100,https://www.sportega.cz/detske-tenisove-mice-babolat-green-x3/d1470100,https://www.sportega.cz/detske-tenisove-mice-babolat-green-x3-1470100.jpg,Babolat Green X3,49.666666666666664,9.0,10.0
1470101,Babolat Orange X3,"Dětské tenisové míče babolat orange x3 jsou tenisáky pro děti. Tenisové míče pro děti jsou větší a lehčí, aby nejmenším tenistům usnadnily nácvik techniky a fyzicky nezatěžovaly ruce. Perfektně se hodí pro tenisové trenéry a kluby právě na trénink dětí. Tenisáky s dlouhou životností na rekreační tenis",https://www.sportega.cz/detske-tenisove-mice-babolat-orange-x3/d1470101,https://www.sportega.cz/detske-tenisove-mice-babolat-orange-x3-1470101.jpg,in stock,149.0,Sportovní potřeby > Atletické sporty > Tenis > Tenisové míčky,Babolat,Sportega > Tenis > Míčky > Míče pro děti,5154,"trénink,školní aktivity",všechny povrchy,3.0,Netlakovaný,1470101,https://www.sportega.cz/detske-tenisove-mice-babolat-orange-x3/d1470101,https://www.sportega.cz/detske-tenisove-mice-babolat-orange-x3-1470101.jpg,Babolat Orange X3,49.666666666666664,8.0,9.0
161032,Tecnifibre My Ball,"Dětské tenisové míče tecnifibre my ball jsou tenisáky pro děti. Tenisové míče pro děti jsou větší a lehčí, aby nejmenším tenistům usnadnily nácvik techniky a fyzicky nezatěžovaly ruce. Perfektně se hodí pro tenisové trenéry a kluby právě na trénink dětí. Kvalitní tenisové míče na trénink",https://www.sportega.cz/detske-tenisove-mice-tecnifibre-my-ball/d161032,https://www.sportega.cz/detske-tenisove-mice-tecnifibre-my-ball-161032.jpg,in stock,189.0,Sportovní potřeby > Atletické sporty > Tenis > Tenisové míčky,Tecnifibre,Sportega > Tenis > Míčky > Míče pro děti,3259,"tréninkové nasazení,volný čas,školní aktivity","extra tvrdé povrchy (škvára, beton, asfalt)",3.0,Pěnový,161032,https://www.sportega.cz/detske-tenisove-mice-tecnifibre-my-ball/d161032,https://www.sportega.cz/detske-tenisove-mice-tecnifibre-my-ball-161032.jpg,Tecnifibre My Ball,63.0,3.0,6.0
78161,Dunlop Tour Performance (4 Pack),"Tenisové míče dunlop tour performance (4 pack) jsou tenisové míčky pro pestrou hru. Pamatuj, že míčky postupem času ztrácí své vlastnosti a je potřeba je pravidelně měnit, proto neuděláš chybu, pokud si koupíš dvě tři dózy do zásoby.",https://www.sportega.cz/tenisove-mice-dunlop-tour-performance-4-pack/d78161,https://www.sportega.cz/tenisove-mice-dunlop-tour-performance-4-pack-78161.jpg,in stock,179.0,Sportovní potřeby > Atletické sporty > Tenis > Tenisové míčky,Dunlop,Sportega > Tenis > Míčky,1808,tréninkové nasazení,všechny povrchy,4.0,Tlakovaný,78161,https://www.sportega.cz/tenisove-mice-dunlop-tour-performance-4-pack/d78161,https://www.sportega.cz/tenisove-mice-dunlop-tour-performance-4-pack-78161.jpg,Dunlop Tour Performance (4 Pack),44.75,,
3325,Tecnifibre Mini Tennis Soft 3 Pack,"Dětské tenisové míče tecnifibre mini tennis soft 3 pack jsou tenisáky pro děti. Tenisové míče pro děti jsou větší a lehčí, aby nejmenším tenistům usnadnily nácvik techniky a fyzicky nezatěžovaly ruce. Perfektně se hodí pro tenisové trenéry a kluby právě na trénink dětí. Tlakované tenisové míče s větší pružností",https://www.sportega.cz/detske-tenisove-mice-tecnifibre-mini-tennis-soft-3-pack/d3325,https://www.sportega.cz/detske-tenisove-mice-tecnifibre-mini-tennis-soft-3-pack-3325.jpg,in stock,149.0,Sportovní potřeby > Atletické sporty > Tenis > Tenisové míčky,Tecnifibre,Sportega > Tenis > Míčky > Míče pro děti,1011,"tréninkové nasazení,volný čas,školní aktivity","extra tvrdé povrchy (škvára, beton, asfalt)",3.0,Tlakovaný,3325,https://www.sportega.cz/detske-tenisove-mice-tecnifibre-mini-tennis-soft-3-pack/d3325,https://www.sportega.cz/detske-tenisove-mice-tecnifibre-mini-tennis-soft-3-pack-3325.jpg,Tecnifibre Mini Tennis Soft 3 Pack,49.666666666666664,9.0,10.0
30629,Wilson Starter Play (4 Pack),"Dětské tenisové míče wilson starter play (4 pack) jsou tenisáky pro děti. Tenisové míče pro děti jsou větší a lehčí, aby nejmenším tenistům usnadnily nácvik techniky a fyzicky nezatěžovaly ruce. Perfektně se hodí pro tenisové trenéry a kluby právě na trénink dětí. Tlakované tenisové míče s větší pružností",https://www.sportega.cz/detske-tenisove-mice-wilson-starter-play-4-pack/d30629,https://www.sportega.cz/detske-tenisove-mice-wilson-starter-play-4-pack-30629.jpg,in stock,179.0,Sportovní potřeby > Atletické sporty > Tenis > Tenisové míčky,Wilson,Sportega > Tenis > Míčky > Míče pro děti,6132,"tréninkové nasazení,volný čas,školní aktivity",všechny povrchy,4.0,Tlakovaný,30629,https://www.sportega.cz/detske-tenisove-mice-wilson-starter-play-4-pack/d30629,https://www.sportega.cz/detske-tenisove-mice-wilson-starter-play-4-pack-30629.jpg,Wilson Starter Play (4 Pack),44.75,9.0,10.0
76769,Wilson Roland Garros Clay (3 Pack),"Tenisové míče wilson roland garros clay (3 pack) jsou tenisové míčky pro pestrou hru. Pamatuj, že míčky postupem času ztrácí své vlastnosti a je potřeba je pravidelně měnit, proto neuděláš chybu, pokud si koupíš dvě tři dózy do zásoby.",https://www.sportega.cz/tenisove-mice-wilson-roland-garros-clay-3-pack/d76769,https://www.sportega.cz/tenisove-mice-wilson-roland-garros-clay-3-pack-76769.jpg,in stock,179.0,Sportovní potřeby > Atletické sporty > Tenis > Tenisové míčky,Wilson,Sportega > Tenis > Míčky,3511,zápasové a turnajové nasazení,všechny povrchy,3.0,Tlakovaný,76769,https://www.sportega.cz/tenisove-mice-wilson-roland-garros-clay-3-pack/d76769,https://www.sportega.cz/tenisove-mice-wilson-roland-garros-clay-3-pack-76769.jpg,Wilson Roland Garros Clay (3 Pack),59.666666666666664,,
42042,Tecnifibre Champion (4 Pack),"Tenisové míče tecnifibre champion (4 pack) jsou tenisové míčky pro pestrou hru. Pamatuj, že míčky postupem času ztrácí své vlastnosti a je potřeba je pravidelně měnit, proto neuděláš chybu, pokud si koupíš dvě tři dózy do zásoby.",https://www.sportega.cz/tenisove-mice-tecnifibre-champion-4-pack/d42042,https://www.sportega.cz/tenisove-mice-tecnifibre-champion-4-pack-42042.jpg,in stock,169.0,Sportovní potřeby > Atletické sporty > Tenis > Tenisové míčky,Tecnifibre,Sportega > Tenis > Míčky,3760,tréninkové nasazení,všechny povrchy,4.0,Tlakovaný,42042,https://www.sportega.cz/tenisove-mice-tecnifibre-champion-4-pack/d42042,https://www.sportega.cz/tenisove-mice-tecnifibre-champion-4-pack-42042.jpg,Tecnifibre Champion (4 Pack),42.25,,
19331,Wilson Championship (4 Pack),"Tenisové míče wilson championship (4 pack) jsou tenisové míčky pro pestrou hru. Pamatuj, že míčky postupem času ztrácí své vlastnosti a je potřeba je pravidelně měnit, proto neuděláš chybu, pokud si koupíš dvě tři dózy do zásoby.",https://www.sportega.cz/tenisove-mice-wilson-championship-4-pack/d19331,https://www.sportega.cz/tenisove-mice-wilson-championship-4-pack-19331.jpg,in stock,139.0,Sportovní potřeby > Atletické sporty > Tenis > Tenisové míčky,Wilson,Sportega > Tenis > Míčky,11202,"tréninkové nasazení,volný čas",všechny povrchy,4.0,Tlakovaný,19331,https://www.sportega.cz/tenisove-mice-wilson-championship-4-pack/d19331,https://www.sportega.cz/tenisove-mice-wilson-championship-4-pack-19331.jpg,Wilson Championship (4 Pack),34.75,,
1355196,Head Reset (72B),"Tenisové míče head reset (72b) jsou tenisové míčky pro pestrou hru. Pamatuj, že míčky postupem času ztrácí své vlastnosti a je potřeba je pravidelně měnit, proto neuděláš chybu, pokud si koupíš dvě tři dózy do zásoby.",https://www.sportega.cz/tenisove-mice-head-reset-72b/d1355196,https://www.sportega.cz/tenisove-mice-head-reset-72b-1355196.jpg,in stock,2779.0,Sportovní potřeby > Atletické sporty > Tenis > Tenisové míčky,Head,Sportega > Tenis > Míčky,4730,trénink,všechny povrchy,72.0,Tlakovaný,1355196,https://www.sportega.cz/tenisove-mice-head-reset-72b/d1355196,https://www.sportega.cz/tenisove-mice-head-reset-72b-1355196.jpg,Head Reset (72B),38.59722222222222,,
1470103,Babolat Red Foam X3,"Tenisové míče babolat red foam x3 jsou tenisové míčky pro pestrou hru. Pamatuj, že míčky postupem času ztrácí své vlastnosti a je potřeba je pravidelně měnit, proto neuděláš chybu, pokud si koupíš dvě tři dózy do zásoby.",https://www.sportega.cz/tenisove-mice-babolat-red-foam-x3/d1470103,https://www.sportega.cz/tenisove-mice-babolat-red-foam-x3-1470103.jpg,in stock,239.0,Sportovní potřeby > Atletické sporty > Tenis > Tenisové míčky,Babolat,Sportega > Tenis > Míčky,2950,začínající hráči,všechny povrchy,3.0,Netlakovaný,1470103,https://www.sportega.cz/tenisove-mice-babolat-red-foam-x3/d1470103,https://www.sportega.cz/tenisove-mice-babolat-red-foam-x3-1470103.jpg,Babolat Red Foam X3,79.66666666666667,5.0,8.0
1475288,Head Reset Pro 4B,"Tenisové míče head reset pro 4b jsou tenisové míčky pro pestrou hru. Pamatuj, že míčky postupem času ztrácí své vlastnosti a je potřeba je pravidelně měnit, proto neuděláš chybu, pokud si koupíš dvě tři dózy do zásoby.",https://www.sportega.cz/tenisove-mice-head-reset-pro-4b/d1475288,https://www.sportega.cz/tenisove-mice-head-reset-pro-4b-1475288.jpg,in stock,159.0,Sportovní potřeby > Atletické sporty > Tenis > Tenisové míčky,Head,Sportega > Tenis > Míčky,4905,tréninkové nasazení,všechny povrchy,4.0,Tlakovaný,1475288,https://www.sportega.cz/tenisove-mice-head-reset-pro-4b/d1475288,https://www.sportega.cz/tenisove-mice-head-reset-pro-4b-1475288.jpg,Head Reset Pro 4B,39.75,,
1475289,Head Reset Pro 72B,"Tenisové míče head reset pro 72b jsou tenisové míčky pro pestrou hru. Pamatuj, že míčky postupem času ztrácí své vlastnosti a je potřeba je pravidelně měnit, proto neuděláš chybu, pokud si koupíš dvě tři dózy do zásoby.",https://www.sportega.cz/tenisove-mice-head-reset-pro-72b/d1475289,https://www.sportega.cz/tenisove-mice-head-reset-pro-72b-1475289.jpg,in stock,2899.0,Sportovní potřeby > Atletické sporty > Tenis > Tenisové míčky,Head,Sportega > Tenis > Míčky,50457,tréninkové nasazení,všechny povrchy,72.0,Tlakovaný,1475289,https://www.sportega.cz/tenisove-mice-head-reset-pro-72b/d1475289,https://www.sportega.cz/tenisove-mice-head-reset-pro-72b-1475289.jpg,Head Reset Pro 72B,40.263888888888886,,
1475285,Head Stage 3 Red 3B,"Dětské tenisové míče head stage 3 red 3b jsou tenisáky pro děti. Tenisové míče pro děti jsou větší a lehčí, aby nejmenším tenistům usnadnily nácvik techniky a fyzicky nezatěžovaly ruce. Perfektně se hodí pro tenisové trenéry a kluby právě na trénink dětí. Tenisáky s dlouhou životností na rekreační tenis",https://www.sportega.cz/detske-tenisove-mice-head-stage-3-red-3b/d1475285,https://www.sportega.cz/detske-tenisove-mice-head-stage-3-red-3b-1475285.jpg,in stock,129.0,Sportovní potřeby > Atletické sporty > Tenis > Tenisové míčky,Head,Sportega > Tenis > Míčky > Míče pro děti,9254,"školní aktivity,tréninkové nasazení",všechny povrchy,3.0,Netlakovaný,1475285,https://www.sportega.cz/detske-tenisove-mice-head-stage-3-red-3b/d1475285,https://www.sportega.cz/detske-tenisove-mice-head-stage-3-red-3b-1475285.jpg,Head Stage 3 Red 3B,43.0,5.0,8.0
1475290,Head Stage 2 Orange 72B,"Dětské tenisové míče head stage 2 orange 72b jsou tenisáky pro děti. Tenisové míče pro děti jsou větší a lehčí, aby nejmenším tenistům usnadnily nácvik techniky a fyzicky nezatěžovaly ruce. Perfektně se hodí pro tenisové trenéry a kluby právě na trénink dětí. Tenisáky s dlouhou životností na rekreační tenis",https://www.sportega.cz/detske-tenisove-mice-head-stage-2-orange-72b/d1475290,https://www.sportega.cz/detske-tenisove-mice-head-stage-2-orange-72b-1475290.jpg,in stock,2899.0,Sportovní potřeby > Atletické sporty > Tenis > Tenisové míčky,Head,Sportega > Tenis > Míčky > Míče pro děti,15616,"školní aktivity,tréninkové nasazení",všechny povrchy,72.0,Netlakovaný,1475290,https://www.sportega.cz/detske-tenisove-mice-head-stage-2-orange-72b/d1475290,https://www.sportega.cz/detske-tenisove-mice-head-stage-2-orange-72b-1475290.jpg,Head Stage 2 Orange 72B,40.263888888888886,8.0,9.0
1500625,Dunlop ATP Tour (4 Pack),"Tenisové míče dunlop atp tour (4 pack) jsou tenisové míčky pro pestrou hru. Pamatuj, že míčky postupem času ztrácí své vlastnosti a je potřeba je pravidelně měnit, proto neuděláš chybu, pokud si koupíš dvě tři dózy do zásoby.",https://www.sportega.cz/tenisove-mice-dunlop-atp-tour-4-pack/d1500625,https://www.sportega.cz/tenisove-mice-dunlop-atp-tour-4-pack-1500625.jpg,in stock,229.0,Sportovní potřeby > Atletické sporty > Tenis > Tenisové míčky,Dunlop,Sportega > Tenis > Míčky,11928,zápasové a turnajové nasazení,všechny povrchy,4.0,Tlakovaný,1500625,https://www.sportega.cz/tenisove-mice-dunlop-atp-tour-4-pack/d1500625,https://www.sportega.cz/tenisove-mice-dunlop-atp-tour-4-pack-1500625.jpg,Dunlop ATP Tour (4 Pack),57.25,,
76778,"Wilson Roland Garros 9"" Jumbo Pink","Velký tenisový míč wilson roland garros 9"" jumbo pink s nápisem wilson roland garros je vhodný k podpisování nebo reklamním účelům. Růžová barva ho jednoznačně odliší a každý si jej zapamatuje již po prvním pohledu.",https://www.sportega.cz/velky-tenisovy-mic-wilson-roland-garros-9-jumbo-pink/d76778,https://www.sportega.cz/velky-tenisovy-mic-wilson-roland-garros-9-jumbo-pink-76778.jpg,in stock,529.0,Sportovní potřeby > Atletické sporty > Tenis > Tenisové míčky,Wilson,Sportega > Tenis > Míčky > Velké tenisové míče,1343,dekorace,všechny povrchy,,,76778,https://www.sportega.cz/velky-tenisovy-mic-wilson-roland-garros-9-jumbo-pink/d76778,https://www.sportega.cz/velky-tenisovy-mic-wilson-roland-garros-9-jumbo-pink-76778.jpg,"Wilson Roland Garros 9"" Jumbo Pink",,,
76776,"Wilson Roland Garros 9"" Jumbo Yellow","Velký tenisový míč wilson roland garros 9"" jumbo yellow s nápisem wilson roland garros je vhodný k podepisování nebo reklamním účelům. Jeho velikost ho jednoznačně odliší a každý si jej zapamatuje již po prvním pohledu.",https://www.sportega.cz/velky-tenisovy-mic-wilson-roland-garros-9-jumbo-yellow/d76776,https://www.sportega.cz/velky-tenisovy-mic-wilson-roland-garros-9-jumbo-yellow-76776.jpg,in stock,499.0,Sportovní potřeby > Atletické sporty > Tenis > Tenisové míčky,Wilson,Sportega > Tenis > Míčky > Velké tenisové míče,2148,,všechny povrchy,,,76776,https://www.sportega.cz/velky-tenisovy-mic-wilson-roland-garros-9-jumbo-yellow/d76776,https://www.sportega.cz/velky-tenisovy-mic-wilson-roland-garros-9-jumbo-yellow-76776.jpg,"Wilson Roland Garros 9"" Jumbo Yellow",,,
66306,Babolat Red Felt X24,"Velké balení babolat red felt obsahuje 24 ks dětských tenisáků vyrobených z plsti a gumy.pro tenisové akademie i do tělocvikumíčky jsou určené zejména pro děti ve věku 3-7 let, protože díky svému pomalejšímu pohybu a větší velikosti velmi výrazně usnadňují nácvik prvních tenisových úderů.",https://www.sportega.cz/detske-tenisove-mice-babolat-red-felt-x24/d66306,https://www.sportega.cz/detske-tenisove-mice-babolat-red-felt-x24-66306.jpg,in stock,1499.0,Sportovní potřeby > Atletické sporty > Tenis > Tenisové míčky,Babolat,Sportega > Tenis > Míčky > Míče pro děti,2454,"tréninkové nasazení,volný čas,školní aktivity",všechny povrchy,24.0,Netlakovaný,66306,https://www.sportega.cz/detske-tenisove-mice-babolat-red-felt-x24/d66306,https://www.sportega.cz/detske-tenisove-mice-babolat-red-felt-x24-66306.jpg,Babolat Red Felt X24,62.458333333333336,5.0,8.0
1355192,Head T.I.P. Red Foam Ball (3 Pack),Tenisové míče head t.i.p. Red foam ball (3 pack) jsou vhodné pro děti od 5 do 8 let pěnový míč je o 75% pomalejší než standardní tenisový míč a má perfektní velikost pro snadné hraní a zábavu.,https://www.sportega.cz/tenisove-mice-head-t-i-p-red-foam-ball-3-pack/d1355192,https://www.sportega.cz/tenisove-mice-head-t-i-p-red-foam-ball-3-pack-1355192.jpg,in stock,229.0,Sportovní potřeby > Atletické sporty > Tenis > Tenisové míčky,Head,Sportega > Tenis > Míčky > Míče pro děti,1958,"tréninkové nasazení,volný čas","extra tvrdé povrchy (škvára, beton, asfalt)",3.0,Pěnový,1355192,https://www.sportega.cz/tenisove-mice-head-t-i-p-red-foam-ball-3-pack/d1355192,https://www.sportega.cz/tenisove-mice-head-t-i-p-red-foam-ball-3-pack-1355192.jpg,Head T.I.P. Red Foam Ball (3 Pack),76.33333333333333,,
