id,title,description,link,image_link,availability,price_czk,google_product_category,brand,product_type,rank,Doporučený věk,Doporučené použití,Doporučený povrch,Balení míčků,Typ míče,item_group_id,link_master,image_link_master
56634,Tenisový míč Head  Medium Tennis Promo Pink,"Tenisové míče head  medium tennis promo pink  jsou tenisové míčky pro pestrou hru. Pamatuj, že míčky postupem času ztrácí své vlastnosti a je potřeba je pravidelně měnit, proto neuděláš chybu, pokud si koupíš dvě tři dózy do zásoby.",https://www.sportega.cz/tenisovy-mic-head-medium-tennis-promo-pink/d56634,https://www.sportega.cz/tenisovy-mic-head-medium-tennis-promo-pink-56634.jpg,in stock,259 CZK,Sportovní potřeby > Atletické sporty > Tenis > Tenisové míčky,Head,Sportega > Tenis > Míčky > Velké tenisové míče,645,,,,,,56634,https://www.sportega.cz/tenisovy-mic-head-medium-tennis-promo-pink/d56634,https://www.sportega.cz/tenisovy-mic-head-medium-tennis-promo-pink-56634.jpg
30632,Tuba na sbírání míčků Wilson  Ball Pick Up,"Sběr míčků bez ohýbánítuba na sbírání míčků wilson ball pick up je vhodnou trenérskou pomůckou, která usnadní sběr tenisových míčků. Kapacita tuby je až 18 míčků. Praktický nastavitelný ramenní pás usnadňuje přenos.",https://www.sportega.cz/tuba-na-sbirani-micku-wilson-ball-pick-up/d30632,https://www.sportega.cz/tuba-na-sbirani-micku-wilson-ball-pick-up-30632.jpg,in stock,979 CZK,Sportovní potřeby > Atletické sporty > Tenis > Sběrače a koše na tenisové míčky,Wilson,Sportega > Tenis > Míčky > Sběrné koše na tenisové míče,3156,,,,,,30632,https://www.sportega.cz/tuba-na-sbirani-micku-wilson-ball-pick-up/d30632,https://www.sportega.cz/tuba-na-sbirani-micku-wilson-ball-pick-up-30632.jpg
17692,Tuba na sbírání míčků Head  Ball Tube,Novinka určená zejméná pro trenérské použití tuba na sbírání míčků head ball tube. Kapacita je až 16 míčků a samotné sbírání míčků je velice pohodlné.,https://www.sportega.cz/tuba-na-sbirani-micku-head-ball-tube/d17692,https://www.sportega.cz/tuba-na-sbirani-micku-head-ball-tube-17692.jpg,in stock,639 CZK,Sportovní potřeby > Atletické sporty > Tenis > Sběrače a koše na tenisové míčky,Head,Sportega > Tenis > Míčky > Sběrné koše na tenisové míče,11019,,,,,,17692,https://www.sportega.cz/tuba-na-sbirani-micku-head-ball-tube/d17692,https://www.sportega.cz/tuba-na-sbirani-micku-head-ball-tube-17692.jpg
21568,Koš na tenisové míče Wilson,"Koš na tenisové miče wilson je skvělou pomůckou zejména pro trenéry, oddíly, kluby a tenisové školičky. Díky koši na tenisové míče, který pojme až 75 kusů míčů si ušetříte práci se zdlouhavým sbíráním míčů po celém kurtu. Míče nejsou součástí výrobku.koš na míče je určen k pohodlnému sběru a přenosu až 75 kusů míčů. Při sběru míčů po celém kurtu se vyhnete neoblíbenému ohýbání, protože míče sbíráte přímo do koše a při přenosu určitě oceníte velkou kapacitu, kterou tento koš nabízí.kovový koš na tenisové míče je velice stabilní, pevný, lehce složitelný a skvěle skladovatelný. Koš je také perfektně skladný a ideální pro převoz, díky ploché krabici, kde je velká úspora místa.míče nejsou součástí výrobku, ale v balení najdete šrouby a utahovací klíče pro snadné a rychlé složení.perfektní koš na tenisové míče wilson v černé barvě je skvělý pomocník pro každý tenisový trénink.upozornění: foto koše je pouze ilustrativní - tenisové míče nejsou součástí balení.",https://www.sportega.cz/kos-na-tenisove-mice-wilson/d21568,https://www.sportega.cz/kos-na-tenisove-mice-wilson-21568.jpg,in stock,939 CZK,Sportovní potřeby > Atletické sporty > Tenis > Sběrače a koše na tenisové míčky,Wilson,Sportega > Tenis > Míčky > Sběrné koše na tenisové míče,16249,,"tréninkové nasazení,volný čas,školní aktivity",,,,21568,https://www.sportega.cz/kos-na-tenisove-mice-wilson/d21568,https://www.sportega.cz/kos-na-tenisove-mice-wilson-21568.jpg
14116,Koš na tenisové míče Head,"Značkový koš head na tenisové míče určený zejména pro trenéry, kluby a školy. Do koše nasypete až 72 míčů.",https://www.sportega.cz/kos-na-tenisove-mice-head/d14116,https://www.sportega.cz/kos-na-tenisove-mice-head-14116.jpg,in stock,899 CZK,Sportovní potřeby > Atletické sporty > Tenis > Sběrače a koše na tenisové míčky,Head,Sportega > Tenis > Míčky > Sběrné koše na tenisové míče,22807,,školní aktivity,,,,14116,https://www.sportega.cz/kos-na-tenisove-mice-head/d14116,https://www.sportega.cz/kos-na-tenisove-mice-head-14116.jpg
28236,Tenisové míče Dunlop  Fort Clay Court,3. Místo v testu tenisových míčků 2020,https://www.sportega.cz/tenisove-mice-dunlop-fort-clay-court/d28236,https://www.sportega.cz/tenisove-mice-dunlop-fort-clay-court-28236.jpg,in stock,209 CZK,Sportovní potřeby > Atletické sporty > Tenis > Tenisové míčky,Dunlop,Sportega > Tenis > Míčky,43290,,"tréninkové nasazení,volný čas",všechny povrchy,dóza po 4 ks,Tlakovaný,28236,https://www.sportega.cz/tenisove-mice-dunlop-fort-clay-court/d28236,https://www.sportega.cz/tenisove-mice-dunlop-fort-clay-court-28236.jpg
29688,Tenisové míče Dunlop  Fort All Court TS,"Tenisové míče dunlop  fort all court ts  jsou tenisové míčky pro pestrou hru. Pamatuj, že míčky postupem času ztrácí své vlastnosti a je potřeba je pravidelně měnit, proto neuděláš chybu, pokud si koupíš dvě tři dózy do zásoby.",https://www.sportega.cz/tenisove-mice-dunlop-fort-all-court-ts/d29688,https://www.sportega.cz/tenisove-mice-dunlop-fort-all-court-ts-29688.jpg,in stock,195 CZK,Sportovní potřeby > Atletické sporty > Tenis > Tenisové míčky,Dunlop,Sportega > Tenis > Míčky,35754,,"tréninkové nasazení,volný čas",všechny povrchy,dóza po 4 ks,Tlakovaný,29688,https://www.sportega.cz/tenisove-mice-dunlop-fort-all-court-ts/d29688,https://www.sportega.cz/tenisove-mice-dunlop-fort-all-court-ts-29688.jpg
1357138,Tuba na sbírání míčků Wilson  Minions Ball Tube Blue,"Tuba na sbírání míčků wilson  minions ball tube blue potěší hlavně nejmenší tenisty designem minions. Vejde se do ní až 18 míčků, snadno se přenáší pomocí odnímatelného ramenního popruhu.",https://www.sportega.cz/tuba-na-sbirani-micku-wilson-minions-ball-tube-blue/d1357138,https://www.sportega.cz/tuba-na-sbirani-micku-wilson-minions-ball-tube-blue-1357138.jpg,in stock,1050 CZK,Sportovní potřeby > Atletické sporty > Tenis > Sběrače a koše na tenisové míčky,Wilson,Sportega > Tenis > Míčky > Sběrné koše na tenisové míče,2787,,,,,,1357138,https://www.sportega.cz/tuba-na-sbirani-micku-wilson-minions-ball-tube-blue/d1357138,https://www.sportega.cz/tuba-na-sbirani-micku-wilson-minions-ball-tube-blue-1357138.jpg
1355188,Tenisové míče Head  Tour (3 Pack),2. Místo v testu tenisových míčků 2020,https://www.sportega.cz/tenisove-mice-head-tour-3-pack/d1355188,https://www.sportega.cz/tenisove-mice-head-tour-3-pack-1355188.jpg,in stock,145 CZK,Sportovní potřeby > Atletické sporty > Tenis > Tenisové míčky,Head,Sportega > Tenis > Míčky,10922,,"zápasové a turnajové nasazení,tréninkové nasazení",všechny povrchy,dóza po 3 ks,Tlakovaný,1355188,https://www.sportega.cz/tenisove-mice-head-tour-3-pack/d1355188,https://www.sportega.cz/tenisove-mice-head-tour-3-pack-1355188.jpg
1372138,Dětské tenisové míče Tecnifibre  My New Ball 36 ks,"Dětské tenisové míče tecnifibre  my new ball 36 pack  jsou tenisáky pro děti. Tenisové míče pro děti jsou větší a lehčí, aby nejmenším tenistům usnadnily nácvik techniky a fyzicky nezatěžovaly ruce. Perfektně se hodí pro tenisové trenéry a kluby právě na trénink dětí. Tenisáky s dlouhou životností na rekreační tenis",https://www.sportega.cz/detske-tenisove-mice-tecnifibre-my-new-ball-36-ks/d1372138,https://www.sportega.cz/detske-tenisove-mice-tecnifibre-my-new-ball-36-ks-1372138.jpg,in stock,1879 CZK,Sportovní potřeby > Atletické sporty > Tenis > Tenisové míčky,Tecnifibre,Sportega > Tenis > Míčky > Míče pro děti,3446,5-8 let,"tréninkové nasazení,začínající hráči",všechny povrchy,36 ks,Netlakovaný,1372138,https://www.sportega.cz/detske-tenisove-mice-tecnifibre-my-new-ball-36-ks/d1372138,https://www.sportega.cz/detske-tenisove-mice-tecnifibre-my-new-ball-36-ks-1372138.jpg
85168,Dětské tenisové míče Tecnifibre  Mini 36 Pack,"Dětské tenisové míče tecnifibre  mini 36 pack  jsou tenisáky pro děti. Tenisové míče pro děti jsou větší a lehčí, aby nejmenším tenistům usnadnily nácvik techniky a fyzicky nezatěžovaly ruce. Perfektně se hodí pro tenisové trenéry a kluby právě na trénink dětí. Tlakované tenisové míče s větší pružností",https://www.sportega.cz/detske-tenisove-mice-tecnifibre-mini-36-pack/d85168,https://www.sportega.cz/detske-tenisove-mice-tecnifibre-mini-36-pack-85168.jpg,in stock,1799 CZK,Sportovní potřeby > Atletické sporty > Tenis > Tenisové míčky,Tecnifibre,Sportega > Tenis > Míčky > Míče pro děti,1952,8-9 let,tréninkové nasazení,všechny povrchy,36 ks,Tlakovaný,85168,https://www.sportega.cz/detske-tenisove-mice-tecnifibre-mini-36-pack/d85168,https://www.sportega.cz/detske-tenisove-mice-tecnifibre-mini-36-pack-85168.jpg
78144,Tenisové míče Babolat  Team Clay,"Tenisové míče babolat  team clay  jsou tenisové míčky pro pestrou hru. Pamatuj, že míčky postupem času ztrácí své vlastnosti a je potřeba je pravidelně měnit, proto neuděláš chybu, pokud si koupíš dvě tři dózy do zásoby.",https://www.sportega.cz/tenisove-mice-babolat-team-clay/d78144,https://www.sportega.cz/tenisove-mice-babolat-team-clay-78144.jpg,in stock,259 CZK,Sportovní potřeby > Atletické sporty > Tenis > Tenisové míčky,Babolat,Sportega > Tenis > Míčky,13251,,zápasové a turnajové nasazení,všechny povrchy,dóza po 4 ks,Tlakovaný,78144,https://www.sportega.cz/tenisove-mice-babolat-team-clay/d78144,https://www.sportega.cz/tenisove-mice-babolat-team-clay-78144.jpg
78146,Tenisové míče Babolat  Team All Court,"Tenisové míče babolat  team all court  jsou tenisové míčky pro pestrou hru. Pamatuj, že míčky postupem času ztrácí své vlastnosti a je potřeba je pravidelně měnit, proto neuděláš chybu, pokud si koupíš dvě tři dózy do zásoby.",https://www.sportega.cz/tenisove-mice-babolat-team-all-court/d78146,https://www.sportega.cz/tenisove-mice-babolat-team-all-court-78146.jpg,in stock,219 CZK,Sportovní potřeby > Atletické sporty > Tenis > Tenisové míčky,Babolat,Sportega > Tenis > Míčky,11713,,zápasové a turnajové nasazení,všechny povrchy,dóza po 4 ks,Tlakovaný,78146,https://www.sportega.cz/tenisove-mice-babolat-team-all-court/d78146,https://www.sportega.cz/tenisove-mice-babolat-team-all-court-78146.jpg
78145,Tenisové míče Babolat  Team,"Tenisové míče babolat  team  jsou tenisové míčky pro pestrou hru. Pamatuj, že míčky postupem času ztrácí své vlastnosti a je potřeba je pravidelně měnit, proto neuděláš chybu, pokud si koupíš dvě tři dózy do zásoby.",https://www.sportega.cz/tenisove-mice-babolat-team/d78145,https://www.sportega.cz/tenisove-mice-babolat-team-78145.jpg,in stock,249 CZK,Sportovní potřeby > Atletické sporty > Tenis > Tenisové míčky,Babolat,Sportega > Tenis > Míčky,6341,,zápasové a turnajové nasazení,všechny povrchy,dóza po 4 ks,Tlakovaný,78145,https://www.sportega.cz/tenisove-mice-babolat-team/d78145,https://www.sportega.cz/tenisove-mice-babolat-team-78145.jpg
3324,Tenisové míče Tecnifibre  XLD (4 Pack),"Tenisové míče tecnifibre  xld (4 pack)  jsou tenisové míčky pro pestrou hru. Pamatuj, že míčky postupem času ztrácí své vlastnosti a je potřeba je pravidelně měnit, proto neuděláš chybu, pokud si koupíš dvě tři dózy do zásoby.",https://www.sportega.cz/tenisove-mice-tecnifibre-xld-4-pack/d3324,https://www.sportega.cz/tenisove-mice-tecnifibre-xld-4-pack-3324.jpg,in stock,199 CZK,Sportovní potřeby > Atletické sporty > Tenis > Tenisové míčky,Tecnifibre,Sportega > Tenis > Míčky,3843,,"zápasové a turnajové nasazení,tréninkové nasazení,volný čas",všechny povrchy,dóza po 4 ks,Netlakovaný,3324,https://www.sportega.cz/tenisove-mice-tecnifibre-xld-4-pack/d3324,https://www.sportega.cz/tenisove-mice-tecnifibre-xld-4-pack-3324.jpg
69844,Tenisové míče Dunlop  ATP Championship (4 Pack),"Tenisové míče dunlop  atp championship (4 pack)  jsou tenisové míčky pro pestrou hru. Pamatuj, že míčky postupem času ztrácí své vlastnosti a je potřeba je pravidelně měnit, proto neuděláš chybu, pokud si koupíš dvě tři dózy do zásoby.",https://www.sportega.cz/tenisove-mice-dunlop-atp-championship-4-pack/d69844,https://www.sportega.cz/tenisove-mice-dunlop-atp-championship-4-pack-69844.jpg,in stock,169 CZK,Sportovní potřeby > Atletické sporty > Tenis > Tenisové míčky,Dunlop,Sportega > Tenis > Míčky,24804,,tréninkové nasazení,všechny povrchy,dóza po 4 ks,Tlakovaný,69844,https://www.sportega.cz/tenisove-mice-dunlop-atp-championship-4-pack/d69844,https://www.sportega.cz/tenisove-mice-dunlop-atp-championship-4-pack-69844.jpg
56056,Tenisové míče Head  Team 3B (3 Pack),"Tenisové míče head  team 3b (3 pack)  jsou tenisové míčky pro pestrou hru. Pamatuj, že míčky postupem času ztrácí své vlastnosti a je potřeba je pravidelně měnit, proto neuděláš chybu, pokud si koupíš dvě tři dózy do zásoby.",https://www.sportega.cz/tenisove-mice-head-team-3b-3-pack/d56056,https://www.sportega.cz/tenisove-mice-head-team-3b-3-pack-56056.jpg,in stock,99 CZK,Sportovní potřeby > Atletické sporty > Tenis > Tenisové míčky,Head,Sportega > Tenis > Míčky,7182,,"tréninkové nasazení,volný čas",všechny povrchy,dóza po 3 ks,Tlakovaný,56056,https://www.sportega.cz/tenisove-mice-head-team-3b-3-pack/d56056,https://www.sportega.cz/tenisove-mice-head-team-3b-3-pack-56056.jpg
65052,Tenisové míče Wilson  Tour Premier All Court (3 Pack),"Tenisové míče wilson  tour premier all court (3 pack)  jsou tenisové míčky pro pestrou hru. Pamatuj, že míčky postupem času ztrácí své vlastnosti a je potřeba je pravidelně měnit, proto neuděláš chybu, pokud si koupíš dvě tři dózy do zásoby.",https://www.sportega.cz/tenisove-mice-wilson-tour-premier-all-court-3-pack/d65052,https://www.sportega.cz/tenisove-mice-wilson-tour-premier-all-court-3-pack-65052.jpg,in stock,159 CZK,Sportovní potřeby > Atletické sporty > Tenis > Tenisové míčky,Wilson,Sportega > Tenis > Míčky,413,,"zápasové a turnajové nasazení,tréninkové nasazení",všechny povrchy,dóza po 3 ks,Tlakovaný,65052,https://www.sportega.cz/tenisove-mice-wilson-tour-premier-all-court-3-pack/d65052,https://www.sportega.cz/tenisove-mice-wilson-tour-premier-all-court-3-pack-65052.jpg
9618,Tenisové míče Head  Pro (3 Pack),"Tenisové míče head  pro (3 pack)  jsou tenisové míčky pro pestrou hru. Pamatuj, že míčky postupem času ztrácí své vlastnosti a je potřeba je pravidelně měnit, proto neuděláš chybu, pokud si koupíš dvě tři dózy do zásoby.",https://www.sportega.cz/tenisove-mice-head-pro-3-pack/d9618,https://www.sportega.cz/tenisove-mice-head-pro-3-pack-9618.jpg,in stock,139 CZK,Sportovní potřeby > Atletické sporty > Tenis > Tenisové míčky,Head,Sportega > Tenis > Míčky,10962,,zápasové a turnajové nasazení,všechny povrchy,dóza po 3 ks,Tlakovaný,9618,https://www.sportega.cz/tenisove-mice-head-pro-3-pack/d9618,https://www.sportega.cz/tenisove-mice-head-pro-3-pack-9618.jpg
23707,Dětské tenisové míče Wilson  Starter Orange (48 Pack) - 8-10 Years,"Dětské tenisové míče wilson  starter orange (48 pack) - 8-10 years  jsou tenisáky pro děti. Tenisové míče pro děti jsou větší a lehčí, aby nejmenším tenistům usnadnily nácvik techniky a fyzicky nezatěžovaly ruce. Perfektně se hodí pro tenisové trenéry a kluby právě na trénink dětí. Tlakované tenisové míče s větší pružností",https://www.sportega.cz/detske-tenisove-mice-wilson-starter-orange-48-pack-8-10-years/d23707,https://www.sportega.cz/detske-tenisove-mice-wilson-starter-orange-48-pack-8-10-years-23707.jpg,in stock,2199 CZK,Sportovní potřeby > Atletické sporty > Tenis > Tenisové míčky,Wilson,Sportega > Tenis > Míčky > Míče pro děti,1370,8-9 let,"tréninkové nasazení,volný čas,školní aktivity",všechny povrchy,48 ks,Tlakovaný,23707,https://www.sportega.cz/detske-tenisove-mice-wilson-starter-orange-48-pack-8-10-years/d23707,https://www.sportega.cz/detske-tenisove-mice-wilson-starter-orange-48-pack-8-10-years-23707.jpg
65258,Tenisové míče Wilson  Triniti (4 pcs),"Tenisové míče wilson  triniti (4 pcs)  jsou tenisové míčky pro pestrou hru. Pamatuj, že míčky postupem času ztrácí své vlastnosti a je potřeba je pravidelně měnit, proto neuděláš chybu, pokud si koupíš dvě tři dózy do zásoby.",https://www.sportega.cz/tenisove-mice-wilson-triniti-4-pcs/d65258,https://www.sportega.cz/tenisove-mice-wilson-triniti-4-pcs-65258.jpg,in stock,229 CZK,Sportovní potřeby > Atletické sporty > Tenis > Tenisové míčky,Wilson,Sportega > Tenis > Míčky,5103,,zápasové a turnajové nasazení,všechny povrchy,dóza po 4 ks,Tlakovaný,65258,https://www.sportega.cz/tenisove-mice-wilson-triniti-4-pcs/d65258,https://www.sportega.cz/tenisove-mice-wilson-triniti-4-pcs-65258.jpg
76771,Tenisové míče Wilson  Roland Garros All Court (4 Pack),"Tenisové míče wilson roland garros all court (4 ks) jsou ideálními parťáky pro hru na tvrdých površích, či koberci. Jsou vyrobené z odolné a trvanlivé plsti, která zaručuje životnost nejen na pár zápasů. Velkou výhodou těchto míčků je speciální materiál, který brání vlhkosti.",https://www.sportega.cz/tenisove-mice-wilson-roland-garros-all-court-4-pack/d76771,https://www.sportega.cz/tenisove-mice-wilson-roland-garros-all-court-4-pack-76771.jpg,in stock,179 CZK,Sportovní potřeby > Atletické sporty > Tenis > Tenisové míčky,Wilson,Sportega > Tenis > Míčky,16063,,zápasové a turnajové nasazení,všechny povrchy,dóza po 4 ks,Tlakovaný,76771,https://www.sportega.cz/tenisove-mice-wilson-roland-garros-all-court-4-pack/d76771,https://www.sportega.cz/tenisove-mice-wilson-roland-garros-all-court-4-pack-76771.jpg
13626,Dětské tenisové míče Tretorn  Academy Orange (3 Pack),"Dětské tenisové míče tretorn  academy orange (3 pack)  jsou tenisáky pro děti. Tenisové míče pro děti jsou větší a lehčí, aby nejmenším tenistům usnadnily nácvik techniky a fyzicky nezatěžovaly ruce. Perfektně se hodí pro tenisové trenéry a kluby právě na trénink dětí. Tenisáky s dlouhou životností na rekreační tenis",https://www.sportega.cz/detske-tenisove-mice-tretorn-academy-orange-3-pack/d13626,https://www.sportega.cz/detske-tenisove-mice-tretorn-academy-orange-3-pack-13626.jpg,in stock,159 CZK,Sportovní potřeby > Atletické sporty > Tenis > Tenisové míčky,Tretorn,Sportega > Tenis > Míčky > Míče pro děti,867,8-9 let,"tréninkové nasazení,začínající hráči",všechny povrchy,dóza po 3 ks,Netlakovaný,13626,https://www.sportega.cz/detske-tenisove-mice-tretorn-academy-orange-3-pack/d13626,https://www.sportega.cz/detske-tenisove-mice-tretorn-academy-orange-3-pack-13626.jpg
33482,Dětské tenisové míče Wilson  Starter Red (36 Pack),"Dětské tenisové míče wilson  starter red (36 pack)  jsou tenisáky pro děti. Tenisové míče pro děti jsou větší a lehčí, aby nejmenším tenistům usnadnily nácvik techniky a fyzicky nezatěžovaly ruce. Perfektně se hodí pro tenisové trenéry a kluby právě na trénink dětí. Tlakované tenisové míče s větší pružností",https://www.sportega.cz/detske-tenisove-mice-wilson-starter-red-36-pack/d33482,https://www.sportega.cz/detske-tenisove-mice-wilson-starter-red-36-pack-33482.jpg,in stock,1579 CZK,Sportovní potřeby > Atletické sporty > Tenis > Tenisové míčky,Wilson,Sportega > Tenis > Míčky > Míče pro děti,8600,5-8 let,"tréninkové nasazení,volný čas,školní aktivity",všechny povrchy,36 ks,Tlakovaný,33482,https://www.sportega.cz/detske-tenisove-mice-wilson-starter-red-36-pack/d33482,https://www.sportega.cz/detske-tenisove-mice-wilson-starter-red-36-pack-33482.jpg
21548,Dětské tenisové míče Wilson  Starter Orange (3 Pack),"Dětské tenisové míče wilson  starter orange (3 pack)  jsou tenisáky pro děti. Tenisové míče pro děti jsou větší a lehčí, aby nejmenším tenistům usnadnily nácvik techniky a fyzicky nezatěžovaly ruce. Perfektně se hodí pro tenisové trenéry a kluby právě na trénink dětí. Tlakované tenisové míče s větší pružností",https://www.sportega.cz/detske-tenisove-mice-wilson-starter-orange-3-pack/d21548,https://www.sportega.cz/detske-tenisove-mice-wilson-starter-orange-3-pack-21548.jpg,in stock,155 CZK,Sportovní potřeby > Atletické sporty > Tenis > Tenisové míčky,Wilson,Sportega > Tenis > Míčky > Míče pro děti,3939,8-9 let,"tréninkové nasazení,volný čas,školní aktivity",všechny povrchy,dóza po 3 ks,Tlakovaný,21548,https://www.sportega.cz/detske-tenisove-mice-wilson-starter-orange-3-pack/d21548,https://www.sportega.cz/detske-tenisove-mice-wilson-starter-orange-3-pack-21548.jpg
13717,Tenisové míče Tecnifibre  Club (4 Pack),"Tenisové míče tecnifibre  club (4 pack)  jsou tenisové míčky pro pestrou hru. Pamatuj, že míčky postupem času ztrácí své vlastnosti a je potřeba je pravidelně měnit, proto neuděláš chybu, pokud si koupíš dvě tři dózy do zásoby.",https://www.sportega.cz/tenisove-mice-tecnifibre-club-4-pack/d13717,https://www.sportega.cz/tenisove-mice-tecnifibre-club-4-pack-13717.jpg,in stock,199 CZK,Sportovní potřeby > Atletické sporty > Tenis > Tenisové míčky,Tecnifibre,Sportega > Tenis > Míčky,1193,,zápasové a turnajové nasazení,všechny povrchy,dóza po 4 ks,Tlakovaný,13717,https://www.sportega.cz/tenisove-mice-tecnifibre-club-4-pack/d13717,https://www.sportega.cz/tenisove-mice-tecnifibre-club-4-pack-13717.jpg
20316,Tenisové míče Slazenger  Wimbledon Ultra Vis (4 Pack),"Tenisové míče slazenger  wimbledon ultra vis (4 pack)  jsou tenisové míčky pro pestrou hru. Pamatuj, že míčky postupem času ztrácí své vlastnosti a je potřeba je pravidelně měnit, proto neuděláš chybu, pokud si koupíš dvě tři dózy do zásoby.",https://www.sportega.cz/tenisove-mice-slazenger-wimbledon-ultra-vis-4-pack/d20316,https://www.sportega.cz/tenisove-mice-slazenger-wimbledon-ultra-vis-4-pack-20316.jpg,in stock,219 CZK,Sportovní potřeby > Atletické sporty > Tenis > Tenisové míčky,Slazenger,Sportega > Tenis > Míčky,15527,,zápasové a turnajové nasazení,všechny povrchy,dóza po 4 ks,Tlakovaný,20316,https://www.sportega.cz/tenisove-mice-slazenger-wimbledon-ultra-vis-4-pack/d20316,https://www.sportega.cz/tenisove-mice-slazenger-wimbledon-ultra-vis-4-pack-20316.jpg
34108,Tenisové míče Tecnifibre  Court (4 Pack),"Tenisové míče tecnifibre court jsou špičkové míče pro všechny typy herních povrchů. Mají dynamické jádro a jejich povrch tvoří z 55 % přírodní vlna a bavlna.vnitřní část míčů je vyrobena z gumy grand touring rubber.balení obsahuje celkem 4 míče.všechny mají certifikaci iff a fft, což znamená, že na kontrole jejich kvality se podílely přední tenisové federace.",https://www.sportega.cz/tenisove-mice-tecnifibre-court-4-pack/d34108,https://www.sportega.cz/tenisove-mice-tecnifibre-court-4-pack-34108.jpg,in stock,189 CZK,Sportovní potřeby > Atletické sporty > Tenis > Tenisové míčky,Tecnifibre,Sportega > Tenis > Míčky,2008,,"tréninkové nasazení,volný čas",všechny povrchy,dóza po 4 ks,Tlakovaný,34108,https://www.sportega.cz/tenisove-mice-tecnifibre-court-4-pack/d34108,https://www.sportega.cz/tenisove-mice-tecnifibre-court-4-pack-34108.jpg
183410,Tenisové míče Yonex  Championship (4 Pack),Tenisové míče yonex championship jsou tlakované míče pro tréninkové použití se slušnou trvanlivostí. V balení 4 kusy.,https://www.sportega.cz/tenisove-mice-yonex-championship-4-pack/d183410,https://www.sportega.cz/tenisove-mice-yonex-championship-4-pack-183410.jpg,in stock,209 CZK,Sportovní potřeby > Atletické sporty > Tenis > Tenisové míčky,Yonex,Sportega > Tenis > Míčky,1619,,tréninkové nasazení,všechny povrchy,dóza po 4 ks,Tlakovaný,183410,https://www.sportega.cz/tenisove-mice-yonex-championship-4-pack/d183410,https://www.sportega.cz/tenisove-mice-yonex-championship-4-pack-183410.jpg
79588,Tenisové míče Head  Tour XT (4 Pack),"Tenisové míče head  tour xt (4 pack)  jsou tenisové míčky pro pestrou hru. Pamatuj, že míčky postupem času ztrácí své vlastnosti a je potřeba je pravidelně měnit, proto neuděláš chybu, pokud si koupíš dvě tři dózy do zásoby.",https://www.sportega.cz/tenisove-mice-head-tour-xt-4-pack/d79588,https://www.sportega.cz/tenisove-mice-head-tour-xt-4-pack-79588.jpg,in stock,179 CZK,Sportovní potřeby > Atletické sporty > Tenis > Tenisové míčky,Head,Sportega > Tenis > Míčky,68163,,"zápasové a turnajové nasazení,tréninkové nasazení","antuka,tvrdé povrchy",dóza po 4 ks,Tlakovaný,79588,https://www.sportega.cz/tenisove-mice-head-tour-xt-4-pack/d79588,https://www.sportega.cz/tenisove-mice-head-tour-xt-4-pack-79588.jpg
8576,Tenisové míče Head  Tour (4 Pack),"Tenisové míče head  tour (4 pack)  jsou tenisové míčky pro pestrou hru. Pamatuj, že míčky postupem času ztrácí své vlastnosti a je potřeba je pravidelně měnit, proto neuděláš chybu, pokud si koupíš dvě tři dózy do zásoby.",https://www.sportega.cz/tenisove-mice-head-tour-4-pack/d8576,https://www.sportega.cz/tenisove-mice-head-tour-4-pack-8576.jpg,in stock,179 CZK,Sportovní potřeby > Atletické sporty > Tenis > Tenisové míčky,Head,Sportega > Tenis > Míčky,193822,,"zápasové a turnajové nasazení,tréninkové nasazení",všechny povrchy,dóza po 4 ks,Tlakovaný,8576,https://www.sportega.cz/tenisove-mice-head-tour-4-pack/d8576,https://www.sportega.cz/tenisove-mice-head-tour-4-pack-8576.jpg
65053,Tenisové míče Wilson  Tour Premier All Court (4 Pack),"Tenisové míče wilson  tour premier all court (4 pack)  jsou tenisové míčky pro pestrou hru. Pamatuj, že míčky postupem času ztrácí své vlastnosti a je potřeba je pravidelně měnit, proto neuděláš chybu, pokud si koupíš dvě tři dózy do zásoby.",https://www.sportega.cz/tenisove-mice-wilson-tour-premier-all-court-4-pack/d65053,https://www.sportega.cz/tenisove-mice-wilson-tour-premier-all-court-4-pack-65053.jpg,in_stock,179 CZK,Sportovní potřeby > Atletické sporty > Tenis > Tenisové míčky,Wilson,Sportega > Tenis > Míčky,44924,,"zápasové a turnajové nasazení,tréninkové nasazení",všechny povrchy,dóza po 4 ks,Tlakovaný,65053,https://www.sportega.cz/tenisove-mice-wilson-tour-premier-all-court-4-pack/d65053,https://www.sportega.cz/tenisove-mice-wilson-tour-premier-all-court-4-pack-65053.jpg
8065,Dětské tenisové míče Tecnifibre  Mini (3 Pack),"Dětské tenisové míče tecnifibre  mini (3 pack)  jsou tenisáky pro děti. Tenisové míče pro děti jsou větší a lehčí, aby nejmenším tenistům usnadnily nácvik techniky a fyzicky nezatěžovaly ruce. Perfektně se hodí pro tenisové trenéry a kluby právě na trénink dětí. Tlakované tenisové míče s větší pružností",https://www.sportega.cz/detske-tenisove-mice-tecnifibre-mini-3-pack/d8065,https://www.sportega.cz/detske-tenisove-mice-tecnifibre-mini-3-pack-8065.jpg,in stock,139 CZK,Sportovní potřeby > Atletické sporty > Tenis > Tenisové míčky,Tecnifibre,Sportega > Tenis > Míčky > Míče pro děti,1209,8-9 let,"tréninkové nasazení,volný čas,školní aktivity",všechny povrchy,dóza po 3 ks,Tlakovaný,8065,https://www.sportega.cz/detske-tenisove-mice-tecnifibre-mini-3-pack/d8065,https://www.sportega.cz/detske-tenisove-mice-tecnifibre-mini-3-pack-8065.jpg
161037,Dětské tenisové míče Tretorn  Academy Green (36 Pack),"Dětské tenisové míče tretorn  academy green (36 pack)  jsou tenisáky pro děti. Tenisové míče pro děti jsou větší a lehčí, aby nejmenším tenistům usnadnily nácvik techniky a fyzicky nezatěžovaly ruce. Perfektně se hodí pro tenisové trenéry a kluby právě na trénink dětí. Tenisáky s dlouhou životností na rekreační tenis",https://www.sportega.cz/detske-tenisove-mice-tretorn-academy-green-36-pack/d161037,https://www.sportega.cz/detske-tenisove-mice-tretorn-academy-green-36-pack-161037.jpg,in_stock,1699 CZK,Sportovní potřeby > Atletické sporty > Tenis > Tenisové míčky,Tretorn,Sportega > Tenis > Míčky > Míče pro děti,4338,9-10 let,"tréninkové nasazení,volný čas,školní aktivity",všechny povrchy,36 ks,Netlakovaný,161037,https://www.sportega.cz/detske-tenisove-mice-tretorn-academy-green-36-pack/d161037,https://www.sportega.cz/detske-tenisove-mice-tretorn-academy-green-36-pack-161037.jpg
9621,Tenisové míče Head  Team (4 Pack),"Tenisové míče head  team (4 pack)  jsou tenisové míčky pro pestrou hru. Pamatuj, že míčky postupem času ztrácí své vlastnosti a je potřeba je pravidelně měnit, proto neuděláš chybu, pokud si koupíš dvě tři dózy do zásoby.",https://www.sportega.cz/tenisove-mice-head-team-4-pack/d9621,https://www.sportega.cz/tenisove-mice-head-team-4-pack-9621.jpg,in stock,125 CZK,Sportovní potřeby > Atletické sporty > Tenis > Tenisové míčky,Head,Sportega > Tenis > Míčky,109896,,"tréninkové nasazení,volný čas",všechny povrchy,dóza po 4 ks,Tlakovaný,9621,https://www.sportega.cz/tenisove-mice-head-team-4-pack/d9621,https://www.sportega.cz/tenisove-mice-head-team-4-pack-9621.jpg
22801,Dětské tenisové míče Babolat  Red Foam (3 Pack),"Dětské tenisové míče babolat  red foam (3 pack)  jsou tenisáky pro děti. Tenisové míče pro děti jsou větší a lehčí, aby nejmenším tenistům usnadnily nácvik techniky a fyzicky nezatěžovaly ruce. Perfektně se hodí pro tenisové trenéry a kluby právě na trénink dětí. Kvalitní tenisové míče na trénink",https://www.sportega.cz/detske-tenisove-mice-babolat-red-foam-3-pack/d22801,https://www.sportega.cz/detske-tenisove-mice-babolat-red-foam-3-pack-22801.jpg,in stock,239 CZK,Sportovní potřeby > Atletické sporty > Tenis > Tenisové míčky,Babolat,Sportega > Tenis > Míčky > Míče pro děti,2951,8-9 let,"tréninkové nasazení,volný čas,školní aktivity","extra tvrdé povrchy (škvára, beton, asfalt)",dóza po 3 ks,Pěnový,22801,https://www.sportega.cz/detske-tenisove-mice-babolat-red-foam-3-pack/d22801,https://www.sportega.cz/detske-tenisove-mice-babolat-red-foam-3-pack-22801.jpg
19330,Tenisové míče Wilson  US Open (4 Pack),"Tenisové míče wilson  us open (4 pack)  jsou tenisové míčky pro pestrou hru. Pamatuj, že míčky postupem času ztrácí své vlastnosti a je potřeba je pravidelně měnit, proto neuděláš chybu, pokud si koupíš dvě tři dózy do zásoby.",https://www.sportega.cz/tenisove-mice-wilson-us-open-4-pack/d19330,https://www.sportega.cz/tenisove-mice-wilson-us-open-4-pack-19330.jpg,in stock,169 CZK,Sportovní potřeby > Atletické sporty > Tenis > Tenisové míčky,Wilson,Sportega > Tenis > Míčky,107663,,"zápasové a turnajové nasazení,tréninkové nasazení",všechny povrchy,dóza po 4 ks,Tlakovaný,19330,https://www.sportega.cz/tenisove-mice-wilson-us-open-4-pack/d19330,https://www.sportega.cz/tenisove-mice-wilson-us-open-4-pack-19330.jpg
66981,Tenisové míče Dunlop  Australian Open (4 Pack),"Tenisové míče dunlop  australian open (4 pack)  jsou tenisové míčky pro pestrou hru. Pamatuj, že míčky postupem času ztrácí své vlastnosti a je potřeba je pravidelně měnit, proto neuděláš chybu, pokud si koupíš dvě tři dózy do zásoby.",https://www.sportega.cz/tenisove-mice-dunlop-australian-open-4-pack/d66981,https://www.sportega.cz/tenisove-mice-dunlop-australian-open-4-pack-66981.jpg,in stock,185 CZK,Sportovní potřeby > Atletické sporty > Tenis > Tenisové míčky,Dunlop,Sportega > Tenis > Míčky,24591,,"zápasové a turnajové nasazení,tréninkové nasazení",všechny povrchy,dóza po 4 ks,Tlakovaný,66981,https://www.sportega.cz/tenisove-mice-dunlop-australian-open-4-pack/d66981,https://www.sportega.cz/tenisove-mice-dunlop-australian-open-4-pack-66981.jpg
175080,Tenisové míče Babolat  Gold All Court (4 Pack),"Tenisové míče babolat  gold all court (4 pack)  jsou tenisové míčky pro pestrou hru. Pamatuj, že míčky postupem času ztrácí své vlastnosti a je potřeba je pravidelně měnit, proto neuděláš chybu, pokud si koupíš dvě tři dózy do zásoby.",https://www.sportega.cz/tenisove-mice-babolat-gold-all-court-4-pack/d175080,https://www.sportega.cz/tenisove-mice-babolat-gold-all-court-4-pack-175080.jpg,in stock,199 CZK,Sportovní potřeby > Atletické sporty > Tenis > Tenisové míčky,Babolat,Sportega > Tenis > Míčky,2223,,"zápasové a turnajové nasazení,tréninkové nasazení",všechny povrchy,dóza po 4 ks,Tlakovaný,175080,https://www.sportega.cz/tenisove-mice-babolat-gold-all-court-4-pack/d175080,https://www.sportega.cz/tenisove-mice-babolat-gold-all-court-4-pack-175080.jpg
18244,Dětské tenisové míče Tecnifibre  My New Ball (3 Pack),"Dětské tenisové míče tecnifibre  my new ball (3 pack)  jsou tenisáky pro děti. Tenisové míče pro děti jsou větší a lehčí, aby nejmenším tenistům usnadnily nácvik techniky a fyzicky nezatěžovaly ruce. Perfektně se hodí pro tenisové trenéry a kluby právě na trénink dětí. Tenisáky s dlouhou životností na rekreační tenis",https://www.sportega.cz/detske-tenisove-mice-tecnifibre-my-new-ball-3-pack/d18244,https://www.sportega.cz/detske-tenisove-mice-tecnifibre-my-new-ball-3-pack-18244.jpg,in stock,159 CZK,Sportovní potřeby > Atletické sporty > Tenis > Tenisové míčky,Tecnifibre,Sportega > Tenis > Míčky > Míče pro děti,182,5-8 let,"tréninkové nasazení,začínající hráči",všechny povrchy,3 ks v balení,Netlakovaný,18244,https://www.sportega.cz/detske-tenisove-mice-tecnifibre-my-new-ball-3-pack/d18244,https://www.sportega.cz/detske-tenisove-mice-tecnifibre-my-new-ball-3-pack-18244.jpg
1417506,Koš na tenisové míče Head  Ball Cart,"Nový vozík na míče na hlavu je ideální pro přepravu míčků, raket, tašek a všeho dalšího, co trenér na kurtech potřebuje. Kapacita 320 míčů.",https://www.sportega.cz/kos-na-tenisove-mice-head-ball-cart/d1417506,https://www.sportega.cz/kos-na-tenisove-mice-head-ball-cart-1417506.jpg,in stock,4399 CZK,Sportovní potřeby > Atletické sporty > Tenis > Sběrače a koše na tenisové míčky,Head,Sportega > Tenis > Míčky > Sběrné koše na tenisové míče,4948,,,,,,1417506,https://www.sportega.cz/kos-na-tenisove-mice-head-ball-cart/d1417506,https://www.sportega.cz/kos-na-tenisove-mice-head-ball-cart-1417506.jpg
9619,Tenisové míče Head  Championship (4 Pack),"Tenisové míče head  championship (4 pack)  jsou tenisové míčky pro pestrou hru. Pamatuj, že míčky postupem času ztrácí své vlastnosti a je potřeba je pravidelně měnit, proto neuděláš chybu, pokud si koupíš dvě tři dózy do zásoby.",https://www.sportega.cz/tenisove-mice-head-championship-4-pack/d9619,https://www.sportega.cz/tenisove-mice-head-championship-4-pack-9619.jpg,in stock,145 CZK,Sportovní potřeby > Atletické sporty > Tenis > Tenisové míčky,Head,Sportega > Tenis > Míčky,49844,,"tréninkové nasazení,volný čas",všechny povrchy,dóza po 4 ks,Tlakovaný,9619,https://www.sportega.cz/tenisove-mice-head-championship-4-pack/d9619,https://www.sportega.cz/tenisove-mice-head-championship-4-pack-9619.jpg
9620,Tenisové míče Head  Championship (3 Pack),"Tenisové míče head  championship (3 pack)  jsou tenisové míčky pro pestrou hru. Pamatuj, že míčky postupem času ztrácí své vlastnosti a je potřeba je pravidelně měnit, proto neuděláš chybu, pokud si koupíš dvě tři dózy do zásoby.",https://www.sportega.cz/tenisove-mice-head-championship-3-pack/d9620,https://www.sportega.cz/tenisove-mice-head-championship-3-pack-9620.jpg,in stock,119 CZK,Sportovní potřeby > Atletické sporty > Tenis > Tenisové míčky,Head,Sportega > Tenis > Míčky,7621,,"tréninkové nasazení,volný čas",všechny povrchy,dóza po 3 ks,Tlakovaný,9620,https://www.sportega.cz/tenisove-mice-head-championship-3-pack/d9620,https://www.sportega.cz/tenisove-mice-head-championship-3-pack-9620.jpg
21857,Dětské tenisové míče Wilson  Starter Red (3 Pack),"Dětské tenisové míče wilson  starter red (3 pack)  jsou tenisáky pro děti. Tenisové míče pro děti jsou větší a lehčí, aby nejmenším tenistům usnadnily nácvik techniky a fyzicky nezatěžovaly ruce. Perfektně se hodí pro tenisové trenéry a kluby právě na trénink dětí. Tlakované tenisové míče s větší pružností",https://www.sportega.cz/detske-tenisove-mice-wilson-starter-red-3-pack/d21857,https://www.sportega.cz/detske-tenisove-mice-wilson-starter-red-3-pack-21857.jpg,in_stock,149 CZK,Sportovní potřeby > Atletické sporty > Tenis > Tenisové míčky,Wilson,Sportega > Tenis > Míčky > Míče pro děti,1754,5-8 let,"tréninkové nasazení,volný čas,školní aktivity",všechny povrchy,dóza po 3 ks,Tlakovaný,21857,https://www.sportega.cz/detske-tenisove-mice-wilson-starter-red-3-pack/d21857,https://www.sportega.cz/detske-tenisove-mice-wilson-starter-red-3-pack-21857.jpg
6727,Tenisové míče Head  Pro 4 Pack,"Tenisové míče head  pro 4 pack  jsou tenisové míčky pro pestrou hru. Pamatuj, že míčky postupem času ztrácí své vlastnosti a je potřeba je pravidelně měnit, proto neuděláš chybu, pokud si koupíš dvě tři dózy do zásoby.",https://www.sportega.cz/tenisove-mice-head-pro-4-pack/d6727,https://www.sportega.cz/tenisove-mice-head-pro-4-pack-6727.jpg,in stock,149 CZK,Sportovní potřeby > Atletické sporty > Tenis > Tenisové míčky,Head,Sportega > Tenis > Míčky,96316,,zápasové a turnajové nasazení,všechny povrchy,dóza po 4 ks,Tlakovaný,6727,https://www.sportega.cz/tenisove-mice-head-pro-4-pack/d6727,https://www.sportega.cz/tenisove-mice-head-pro-4-pack-6727.jpg
112259,Tenisové míče Wilson  Triniti Pro (4 Pack),Výhra pro tenis i životní prostředí,https://www.sportega.cz/tenisove-mice-wilson-triniti-pro-4-pack/d112259,https://www.sportega.cz/tenisove-mice-wilson-triniti-pro-4-pack-112259.jpg,in stock,329 CZK,Sportovní potřeby > Atletické sporty > Tenis > Tenisové míčky,Wilson,Sportega > Tenis > Míčky,3791,,zápasové a turnajové nasazení,všechny povrchy,dóza po 4 ks,Netlakovaný,112259,https://www.sportega.cz/tenisove-mice-wilson-triniti-pro-4-pack/d112259,https://www.sportega.cz/tenisove-mice-wilson-triniti-pro-4-pack-112259.jpg
161038,Tenisové míče Tretorn  Coach (72 Pack),Tenisové míče tretorn coach (72 ks) jsou vhodné do klubů pro trenéry na trénink svých svěřenců. Jejich hlavní výhodá je perfektní trvanlivost. V balení je 72 míčů.,https://www.sportega.cz/tenisove-mice-tretorn-coach-72-pack/d161038,https://www.sportega.cz/tenisove-mice-tretorn-coach-72-pack-161038.jpg,in stock,2799 CZK,Sportovní potřeby > Atletické sporty > Tenis > Tenisové míčky,Tretorn,Sportega > Tenis > Míčky,8057,,trénink,všechny povrchy,72 ks,Netlakovaný,161038,https://www.sportega.cz/tenisove-mice-tretorn-coach-72-pack/d161038,https://www.sportega.cz/tenisove-mice-tretorn-coach-72-pack-161038.jpg
1446793,Tenisové míče Tretorn  Serie+ Club (4 Pack),"Tenisové míče tretorn  serie+ club (4 pack)  jsou tenisové míčky pro pestrou hru. Pamatuj, že míčky postupem času ztrácí své vlastnosti a je potřeba je pravidelně měnit, proto neuděláš chybu, pokud si koupíš dvě tři dózy do zásoby.",https://www.sportega.cz/tenisove-mice-tretorn-serie-club-4-pack/d1446793,https://www.sportega.cz/tenisove-mice-tretorn-serie-club-4-pack-1446793.jpg,in stock,189 CZK,Sportovní potřeby > Atletické sporty > Tenis > Tenisové míčky,Tretorn,Sportega > Tenis > Míčky,2793,,"trénink,závodní a turnajové nasazení",všechny povrchy,dóza po 4 ks,Tlakovaný,1446793,https://www.sportega.cz/tenisove-mice-tretorn-serie-club-4-pack/d1446793,https://www.sportega.cz/tenisove-mice-tretorn-serie-club-4-pack-1446793.jpg
13615,Tenisové míče Tretorn  Serie+ Court (4 Pack),"Tenisové míče tretorn  serie+ court (4 pack)  jsou tenisové míčky pro pestrou hru. Pamatuj, že míčky postupem času ztrácí své vlastnosti a je potřeba je pravidelně měnit, proto neuděláš chybu, pokud si koupíš dvě tři dózy do zásoby.",https://www.sportega.cz/tenisove-mice-tretorn-serie-court-4-pack/d13615,https://www.sportega.cz/tenisove-mice-tretorn-serie-court-4-pack-13615.jpg,in stock,169 CZK,Sportovní potřeby > Atletické sporty > Tenis > Tenisové míčky,Tretorn,Sportega > Tenis > Míčky,2975,,"trénink,klubové a amatérské nasazení",všechny povrchy,dóza po 4 ks,Tlakovaný,13615,https://www.sportega.cz/tenisove-mice-tretorn-serie-court-4-pack/d13615,https://www.sportega.cz/tenisove-mice-tretorn-serie-court-4-pack-13615.jpg
13628,Dětské tenisové míče Tretorn  Academy Green (3 Pack),"Dětské tenisové míče tretorn  academy green (3 pack)  jsou tenisáky pro děti. Tenisové míče pro děti jsou větší a lehčí, aby nejmenším tenistům usnadnily nácvik techniky a fyzicky nezatěžovaly ruce. Perfektně se hodí pro tenisové trenéry a kluby právě na trénink dětí. Tenisáky s dlouhou životností na rekreační tenis",https://www.sportega.cz/detske-tenisove-mice-tretorn-academy-green-3-pack/d13628,https://www.sportega.cz/detske-tenisove-mice-tretorn-academy-green-3-pack-13628.jpg,in stock,159 CZK,Sportovní potřeby > Atletické sporty > Tenis > Tenisové míčky,Tretorn,Sportega > Tenis > Míčky > Míče pro děti,1908,9-10 let,"tréninkové nasazení,začínající hráči",všechny povrchy,dóza po 3 ks,Netlakovaný,13628,https://www.sportega.cz/detske-tenisove-mice-tretorn-academy-green-3-pack/d13628,https://www.sportega.cz/detske-tenisove-mice-tretorn-academy-green-3-pack-13628.jpg
3553,Tenisové míče Tretorn  Micro X (4 Pack),"Tenisové míče tretorn  micro x (4 pack)  jsou tenisové míčky pro pestrou hru. Pamatuj, že míčky postupem času ztrácí své vlastnosti a je potřeba je pravidelně měnit, proto neuděláš chybu, pokud si koupíš dvě tři dózy do zásoby.",https://www.sportega.cz/tenisove-mice-tretorn-micro-x-4-pack/d3553,https://www.sportega.cz/tenisove-mice-tretorn-micro-x-4-pack-3553.jpg,in stock,279 CZK,Sportovní potřeby > Atletické sporty > Tenis > Tenisové míčky,Tretorn,Sportega > Tenis > Míčky,11809,,"zápasové a turnajové nasazení,tréninkové nasazení,volný čas",všechny povrchy,dóza po 4 ks,Netlakovaný,3553,https://www.sportega.cz/tenisove-mice-tretorn-micro-x-4-pack/d3553,https://www.sportega.cz/tenisove-mice-tretorn-micro-x-4-pack-3553.jpg
82666,Tenisový míč Head  Giant Inflatable Ball,"Tenisové míče head  giant inflatable ball  jsou tenisové míčky pro pestrou hru. Pamatuj, že míčky postupem času ztrácí své vlastnosti a je potřeba je pravidelně měnit, proto neuděláš chybu, pokud si koupíš dvě tři dózy do zásoby.",https://www.sportega.cz/tenisovy-mic-head-giant-inflatable-ball/d82666,https://www.sportega.cz/tenisovy-mic-head-giant-inflatable-ball-82666.jpg,in stock,449 CZK,Sportovní potřeby > Atletické sporty > Tenis > Tenisové míčky,Head,Sportega > Tenis > Míčky > Velké tenisové míče,3504,,,,,,82666,https://www.sportega.cz/tenisovy-mic-head-giant-inflatable-ball/d82666,https://www.sportega.cz/tenisovy-mic-head-giant-inflatable-ball-82666.jpg
21143,Tenisový míč Head  Medium Tennis Promo Ball,"Tenisové míče head  medium tennis promo ball  jsou tenisové míčky pro pestrou hru. Pamatuj, že míčky postupem času ztrácí své vlastnosti a je potřeba je pravidelně měnit, proto neuděláš chybu, pokud si koupíš dvě tři dózy do zásoby.",https://www.sportega.cz/tenisovy-mic-head-medium-tennis-promo-ball/d21143,https://www.sportega.cz/tenisovy-mic-head-medium-tennis-promo-ball-21143.jpg,in stock,259 CZK,Sportovní potřeby > Atletické sporty > Tenis > Tenisové míčky,Head,Sportega > Tenis > Míčky > Velké tenisové míče,1935,,,,,,21143,https://www.sportega.cz/tenisovy-mic-head-medium-tennis-promo-ball/d21143,https://www.sportega.cz/tenisovy-mic-head-medium-tennis-promo-ball-21143.jpg
183041,Tenisové míče Tecnifibre  X-One (4 ks),"Balení 4 kusů populárních tlakovaných tenisových míčů tecnifibre x-one  s perfektním výkonem. Hlavní předností míče jsou výborné herní vlastnosti a dlouhá trvanlivost. K jejich výrobě se používají jen ty nejlepší přírodní materiály, které zaručují dlouhou životnost, rychlost a odolnost. Vhodné jsou na všechny typy povrchů. Hodí se jak k turnajové hře, tak na trénování i rekreační hru.",https://www.sportega.cz/tenisove-mice-tecnifibre-x-one-4-ks/d183041,https://www.sportega.cz/tenisove-mice-tecnifibre-x-one-4-ks-183041.jpg,in stock,249 CZK,Sportovní potřeby > Atletické sporty > Tenis > Tenisové míčky,Tecnifibre,Sportega > Tenis > Míčky,6041,,"tréninkové nasazení,zápasové a turnajové nasazení",všechny povrchy,dóza po 4 ks,Tlakovaný,183041,https://www.sportega.cz/tenisove-mice-tecnifibre-x-one-4-ks/d183041,https://www.sportega.cz/tenisove-mice-tecnifibre-x-one-4-ks-183041.jpg
34211,Tenisové míče Tecnifibre  X-One Bipack (2x4 Pack),"Tenisové míče tecnifibre  x-one bipack (2x4 pack)  jsou tenisové míčky pro pestrou hru. Pamatuj, že míčky postupem času ztrácí své vlastnosti a je potřeba je pravidelně měnit, proto neuděláš chybu, pokud si koupíš dvě tři dózy do zásoby.",https://www.sportega.cz/tenisove-mice-tecnifibre-x-one-bipack-2x4-pack/d34211,https://www.sportega.cz/tenisove-mice-tecnifibre-x-one-bipack-2x4-pack-34211.jpg,in stock,369 CZK,Sportovní potřeby > Atletické sporty > Tenis > Tenisové míčky,Tecnifibre,Sportega > Tenis > Míčky,726990,,"zápasové a turnajové nasazení,tréninkové nasazení",všechny povrchy,2x4 ks,Tlakovaný,34211,https://www.sportega.cz/tenisove-mice-tecnifibre-x-one-bipack-2x4-pack/d34211,https://www.sportega.cz/tenisove-mice-tecnifibre-x-one-bipack-2x4-pack-34211.jpg
76770,Tenisové míče Wilson  Roland Garros Clay (4 Pack),"Tenisové míče wilson  roland garros clay (4 pack)  jsou tenisové míčky pro pestrou hru. Pamatuj, že míčky postupem času ztrácí své vlastnosti a je potřeba je pravidelně měnit, proto neuděláš chybu, pokud si koupíš dvě tři dózy do zásoby.",https://www.sportega.cz/tenisove-mice-wilson-roland-garros-clay-4-pack/d76770,https://www.sportega.cz/tenisove-mice-wilson-roland-garros-clay-4-pack-76770.jpg,in stock,199 CZK,Sportovní potřeby > Atletické sporty > Tenis > Tenisové míčky,Wilson,Sportega > Tenis > Míčky,46455,,zápasové a turnajové nasazení,všechny povrchy,dóza po 4 ks,Tlakovaný,76770,https://www.sportega.cz/tenisove-mice-wilson-roland-garros-clay-4-pack/d76770,https://www.sportega.cz/tenisove-mice-wilson-roland-garros-clay-4-pack-76770.jpg
78147,Tenisové míče Babolat  Gold Championship (4 Pack),"Tenisové míče babolat  gold championship (4 pack)  jsou tenisové míčky pro pestrou hru. Pamatuj, že míčky postupem času ztrácí své vlastnosti a je potřeba je pravidelně měnit, proto neuděláš chybu, pokud si koupíš dvě tři dózy do zásoby.",https://www.sportega.cz/tenisove-mice-babolat-gold-championship-4-pack/d78147,https://www.sportega.cz/tenisove-mice-babolat-gold-championship-4-pack-78147.jpg,in stock,169 CZK,Sportovní potřeby > Atletické sporty > Tenis > Tenisové míčky,Babolat,Sportega > Tenis > Míčky,8079,,tréninkové nasazení,všechny povrchy,dóza po 4 ks,Tlakovaný,78147,https://www.sportega.cz/tenisove-mice-babolat-gold-championship-4-pack/d78147,https://www.sportega.cz/tenisove-mice-babolat-gold-championship-4-pack-78147.jpg
56057,Tenisové míče Head  Trainer (72B),"Tenisové míče head  trainer (72b)  jsou tenisové míčky pro pestrou hru. Pamatuj, že míčky postupem času ztrácí své vlastnosti a je potřeba je pravidelně měnit, proto neuděláš chybu, pokud si koupíš dvě tři dózy do zásoby.",https://www.sportega.cz/tenisove-mice-head-trainer-72b/d56057,https://www.sportega.cz/tenisove-mice-head-trainer-72b-56057.jpg,in stock,2599 CZK,Sportovní potřeby > Atletické sporty > Tenis > Tenisové míčky,Head,Sportega > Tenis > Míčky,35766,,"tréninkové nasazení,volný čas,školní aktivity",všechny povrchy,72 ks,Netlakovaný,56057,https://www.sportega.cz/tenisove-mice-head-trainer-72b/d56057,https://www.sportega.cz/tenisove-mice-head-trainer-72b-56057.jpg
183411,Tenisové míče Yonex  Tour (4 Pack),Tenisové míče yonex tour jsou tlakované míče pro turnajové i tréninkové použití se slušnou trvanlivostí. V balení 4 kusy.,https://www.sportega.cz/tenisove-mice-yonex-tour-4-pack/d183411,https://www.sportega.cz/tenisove-mice-yonex-tour-4-pack-183411.jpg,in stock,229 CZK,Sportovní potřeby > Atletické sporty > Tenis > Tenisové míčky,Yonex,Sportega > Tenis > Míčky,3818,,"tréninkové nasazení,zápasové a turnajové nasazení",všechny povrchy,dóza po 4 ks,Tlakovaný,183411,https://www.sportega.cz/tenisove-mice-yonex-tour-4-pack/d183411,https://www.sportega.cz/tenisove-mice-yonex-tour-4-pack-183411.jpg
160985,Tenisové míče Babolat  Gold Academy X 72 Bag,"Tenisové míče babolat gold academy x 72 jsou beztlakové míče, které kombinují rychlost a životnost. Jsou vhodné pro tréninky mírně až středně pokročilých hráčů.",https://www.sportega.cz/tenisove-mice-babolat-gold-academy-x-72-bag/d160985,https://www.sportega.cz/tenisove-mice-babolat-gold-academy-x-72-bag-160985.jpg,in stock,2999 CZK,Sportovní potřeby > Atletické sporty > Tenis > Tenisové míčky,Babolat,Sportega > Tenis > Míčky,10611,,"Tenis,začínající hráči",všechny povrchy,72 ks,Netlakovaný,160985,https://www.sportega.cz/tenisove-mice-babolat-gold-academy-x-72-bag/d160985,https://www.sportega.cz/tenisove-mice-babolat-gold-academy-x-72-bag-160985.jpg
1481626,Tenisové míče Tecnifibre  XLD (72 Pack),"Tenisové míče tecnifibre  xld (72 pack)  jsou tenisové míčky pro pestrou hru. Pamatuj, že míčky postupem času ztrácí své vlastnosti a je potřeba je pravidelně měnit, proto neuděláš chybu, pokud si koupíš dvě tři dózy do zásoby.",https://www.sportega.cz/tenisove-mice-tecnifibre-xld-72-pack/d1481626,https://www.sportega.cz/tenisove-mice-tecnifibre-xld-72-pack-1481626.jpg,in stock,3399 CZK,Sportovní potřeby > Atletické sporty > Tenis > Tenisové míčky,Tecnifibre,Sportega > Tenis > Míčky,8231,,tréninkové nasazení,všechny povrchy,72 ks,Netlakovaný,1481626,https://www.sportega.cz/tenisove-mice-tecnifibre-xld-72-pack/d1481626,https://www.sportega.cz/tenisove-mice-tecnifibre-xld-72-pack-1481626.jpg
29281,Dětské tenisové míče Babolat  Green Bag X72,"Dětské tenisové míče babolat  green bag x72  jsou tenisáky pro děti. Tenisové míče pro děti jsou větší a lehčí, aby nejmenším tenistům usnadnily nácvik techniky a fyzicky nezatěžovaly ruce. Perfektně se hodí pro tenisové trenéry a kluby právě na trénink dětí. Tlakované tenisové míče s větší pružností",https://www.sportega.cz/detske-tenisove-mice-babolat-green-bag-x72/d29281,https://www.sportega.cz/detske-tenisove-mice-babolat-green-bag-x72-29281.jpg,in stock,2649 CZK,Sportovní potřeby > Atletické sporty > Tenis > Tenisové míčky,Babolat,Sportega > Tenis > Míčky > Míče pro děti,9776,9-10 let,"tréninkové nasazení,volný čas,školní aktivity",všechny povrchy,72 ks,Tlakovaný,29281,https://www.sportega.cz/detske-tenisove-mice-babolat-green-bag-x72/d29281,https://www.sportega.cz/detske-tenisove-mice-babolat-green-bag-x72-29281.jpg
9998,Dětské tenisové míče Babolat  Orange X36,"Dětské tenisové míče babolat  orange x36  jsou tenisáky pro děti. Tenisové míče pro děti jsou větší a lehčí, aby nejmenším tenistům usnadnily nácvik techniky a fyzicky nezatěžovaly ruce. Perfektně se hodí pro tenisové trenéry a kluby právě na trénink dětí. Tenisáky s dlouhou životností na rekreační tenis",https://www.sportega.cz/detske-tenisove-mice-babolat-orange-x36/d9998,https://www.sportega.cz/detske-tenisove-mice-babolat-orange-x36-9998.jpg,in stock,1599 CZK,Sportovní potřeby > Atletické sporty > Tenis > Tenisové míčky,Babolat,Sportega > Tenis > Míčky > Míče pro děti,7355,8-9 let,školní aktivity,všechny povrchy,36 ks,Netlakovaný,9998,https://www.sportega.cz/detske-tenisove-mice-babolat-orange-x36/d9998,https://www.sportega.cz/detske-tenisove-mice-babolat-orange-x36-9998.jpg
1475287,Dětské tenisové míče Head  Stage 1 Green 3B,"Dětské tenisové míče head  stage 1 green 3b  jsou tenisáky pro děti. Tenisové míče pro děti jsou větší a lehčí, aby nejmenším tenistům usnadnily nácvik techniky a fyzicky nezatěžovaly ruce. Perfektně se hodí pro tenisové trenéry a kluby právě na trénink dětí. Tenisáky s dlouhou životností na rekreační tenis",https://www.sportega.cz/detske-tenisove-mice-head-stage-1-green-3b/d1475287,https://www.sportega.cz/detske-tenisove-mice-head-stage-1-green-3b-1475287.jpg,in stock,129 CZK,Sportovní potřeby > Atletické sporty > Tenis > Tenisové míčky,Head,Sportega > Tenis > Míčky > Míče pro děti,26172,9-10 let,"školní aktivity,tréninkové nasazení",všechny povrchy,dóza po 3 ks,Netlakovaný,1475287,https://www.sportega.cz/detske-tenisove-mice-head-stage-1-green-3b/d1475287,https://www.sportega.cz/detske-tenisove-mice-head-stage-1-green-3b-1475287.jpg
1475286,Dětské tenisové míče Head  Stage 2 Orange 3B,"Dětské tenisové míče head  stage 2 orange 3b  jsou tenisáky pro děti. Tenisové míče pro děti jsou větší a lehčí, aby nejmenším tenistům usnadnily nácvik techniky a fyzicky nezatěžovaly ruce. Perfektně se hodí pro tenisové trenéry a kluby právě na trénink dětí. Tenisáky s dlouhou životností na rekreační tenis",https://www.sportega.cz/detske-tenisove-mice-head-stage-2-orange-3b/d1475286,https://www.sportega.cz/detske-tenisove-mice-head-stage-2-orange-3b-1475286.jpg,in stock,129 CZK,Sportovní potřeby > Atletické sporty > Tenis > Tenisové míčky,Head,Sportega > Tenis > Míčky > Míče pro děti,14460,8-9 let,"školní aktivity,tréninkové nasazení",všechny povrchy,dóza po 3 ks,Netlakovaný,1475286,https://www.sportega.cz/detske-tenisove-mice-head-stage-2-orange-3b/d1475286,https://www.sportega.cz/detske-tenisove-mice-head-stage-2-orange-3b-1475286.jpg
1475291,Dětské tenisové míče Head  Stage 1 Green 72B,"Dětské tenisové míče head  stage 1 green 72b  jsou tenisáky pro děti. Tenisové míče pro děti jsou větší a lehčí, aby nejmenším tenistům usnadnily nácvik techniky a fyzicky nezatěžovaly ruce. Perfektně se hodí pro tenisové trenéry a kluby právě na trénink dětí. Tenisáky s dlouhou životností na rekreační tenis",https://www.sportega.cz/detske-tenisove-mice-head-stage-1-green-72b/d1475291,https://www.sportega.cz/detske-tenisove-mice-head-stage-1-green-72b-1475291.jpg,in stock,2899 CZK,Sportovní potřeby > Atletické sporty > Tenis > Tenisové míčky,Head,Sportega > Tenis > Míčky > Míče pro děti,32968,9-10 let,"školní aktivity,tréninkové nasazení",všechny povrchy,72 ks,Netlakovaný,1475291,https://www.sportega.cz/detske-tenisove-mice-head-stage-1-green-72b/d1475291,https://www.sportega.cz/detske-tenisove-mice-head-stage-1-green-72b-1475291.jpg
1470102,Dětské tenisové míče Babolat  Red Felt X3,"Dětské tenisové míče babolat  red felt x3   jsou tenisáky pro děti. Tenisové míče pro děti jsou větší a lehčí, aby nejmenším tenistům usnadnily nácvik techniky a fyzicky nezatěžovaly ruce. Perfektně se hodí pro tenisové trenéry a kluby právě na trénink dětí. Tenisáky s dlouhou životností na rekreační tenis",https://www.sportega.cz/detske-tenisove-mice-babolat-red-felt-x3/d1470102,https://www.sportega.cz/detske-tenisove-mice-babolat-red-felt-x3-1470102.jpg,in stock,169 CZK,Sportovní potřeby > Atletické sporty > Tenis > Tenisové míčky,Babolat,Sportega > Tenis > Míčky > Míče pro děti,2380,6-8 let,"trénink,školní aktivity",všechny povrchy,dóza po 3 ks,Netlakovaný,1470102,https://www.sportega.cz/detske-tenisove-mice-babolat-red-felt-x3/d1470102,https://www.sportega.cz/detske-tenisove-mice-babolat-red-felt-x3-1470102.jpg
1470100,Dětské tenisové míče Babolat  Green X3,"Dětské tenisové míče babolat  green x3   jsou tenisáky pro děti. Tenisové míče pro děti jsou větší a lehčí, aby nejmenším tenistům usnadnily nácvik techniky a fyzicky nezatěžovaly ruce. Perfektně se hodí pro tenisové trenéry a kluby právě na trénink dětí. Tenisáky s dlouhou životností na rekreační tenis",https://www.sportega.cz/detske-tenisove-mice-babolat-green-x3/d1470100,https://www.sportega.cz/detske-tenisove-mice-babolat-green-x3-1470100.jpg,in stock,149 CZK,Sportovní potřeby > Atletické sporty > Tenis > Tenisové míčky,Babolat,Sportega > Tenis > Míčky > Míče pro děti,4909,9-10 let,"trénink,školní aktivity",všechny povrchy,dóza po 3 ks,Netlakovaný,1470100,https://www.sportega.cz/detske-tenisove-mice-babolat-green-x3/d1470100,https://www.sportega.cz/detske-tenisove-mice-babolat-green-x3-1470100.jpg
1470101,Dětské tenisové míče Babolat  Orange X3,"Dětské tenisové míče babolat  orange x3   jsou tenisáky pro děti. Tenisové míče pro děti jsou větší a lehčí, aby nejmenším tenistům usnadnily nácvik techniky a fyzicky nezatěžovaly ruce. Perfektně se hodí pro tenisové trenéry a kluby právě na trénink dětí. Tenisáky s dlouhou životností na rekreační tenis",https://www.sportega.cz/detske-tenisove-mice-babolat-orange-x3/d1470101,https://www.sportega.cz/detske-tenisove-mice-babolat-orange-x3-1470101.jpg,in stock,149 CZK,Sportovní potřeby > Atletické sporty > Tenis > Tenisové míčky,Babolat,Sportega > Tenis > Míčky > Míče pro děti,5154,8-9 let,"trénink,školní aktivity",všechny povrchy,dóza po 3 ks,Netlakovaný,1470101,https://www.sportega.cz/detske-tenisove-mice-babolat-orange-x3/d1470101,https://www.sportega.cz/detske-tenisove-mice-babolat-orange-x3-1470101.jpg
161032,Dětské tenisové míče Tecnifibre  My Ball,"Dětské tenisové míče tecnifibre  my ball  jsou tenisáky pro děti. Tenisové míče pro děti jsou větší a lehčí, aby nejmenším tenistům usnadnily nácvik techniky a fyzicky nezatěžovaly ruce. Perfektně se hodí pro tenisové trenéry a kluby právě na trénink dětí. Kvalitní tenisové míče na trénink",https://www.sportega.cz/detske-tenisove-mice-tecnifibre-my-ball/d161032,https://www.sportega.cz/detske-tenisove-mice-tecnifibre-my-ball-161032.jpg,in stock,189 CZK,Sportovní potřeby > Atletické sporty > Tenis > Tenisové míčky,Tecnifibre,Sportega > Tenis > Míčky > Míče pro děti,3259,3-6 let,"tréninkové nasazení,volný čas,školní aktivity","extra tvrdé povrchy (škvára, beton, asfalt)",dóza po 3 ks,Pěnový,161032,https://www.sportega.cz/detske-tenisove-mice-tecnifibre-my-ball/d161032,https://www.sportega.cz/detske-tenisove-mice-tecnifibre-my-ball-161032.jpg
78161,Tenisové míče Dunlop  Tour Performance (4 Pack),"Tenisové míče dunlop  tour performance (4 pack)  jsou tenisové míčky pro pestrou hru. Pamatuj, že míčky postupem času ztrácí své vlastnosti a je potřeba je pravidelně měnit, proto neuděláš chybu, pokud si koupíš dvě tři dózy do zásoby.",https://www.sportega.cz/tenisove-mice-dunlop-tour-performance-4-pack/d78161,https://www.sportega.cz/tenisove-mice-dunlop-tour-performance-4-pack-78161.jpg,in stock,179 CZK,Sportovní potřeby > Atletické sporty > Tenis > Tenisové míčky,Dunlop,Sportega > Tenis > Míčky,1808,,tréninkové nasazení,všechny povrchy,dóza po 4 ks,Tlakovaný,78161,https://www.sportega.cz/tenisove-mice-dunlop-tour-performance-4-pack/d78161,https://www.sportega.cz/tenisove-mice-dunlop-tour-performance-4-pack-78161.jpg
3325,Dětské tenisové míče Tecnifibre  Mini Tennis Soft 3 Pack,"Dětské tenisové míče tecnifibre  mini tennis soft 3 pack  jsou tenisáky pro děti. Tenisové míče pro děti jsou větší a lehčí, aby nejmenším tenistům usnadnily nácvik techniky a fyzicky nezatěžovaly ruce. Perfektně se hodí pro tenisové trenéry a kluby právě na trénink dětí. Tlakované tenisové míče s větší pružností",https://www.sportega.cz/detske-tenisove-mice-tecnifibre-mini-tennis-soft-3-pack/d3325,https://www.sportega.cz/detske-tenisove-mice-tecnifibre-mini-tennis-soft-3-pack-3325.jpg,in stock,149 CZK,Sportovní potřeby > Atletické sporty > Tenis > Tenisové míčky,Tecnifibre,Sportega > Tenis > Míčky > Míče pro děti,1011,9-10 let,"tréninkové nasazení,volný čas,školní aktivity","extra tvrdé povrchy (škvára, beton, asfalt)",dóza po 3 ks,Tlakovaný,3325,https://www.sportega.cz/detske-tenisove-mice-tecnifibre-mini-tennis-soft-3-pack/d3325,https://www.sportega.cz/detske-tenisove-mice-tecnifibre-mini-tennis-soft-3-pack-3325.jpg
30629,Dětské tenisové míče Wilson  Starter Play (4 Pack),"Dětské tenisové míče wilson  starter play (4 pack)  jsou tenisáky pro děti. Tenisové míče pro děti jsou větší a lehčí, aby nejmenším tenistům usnadnily nácvik techniky a fyzicky nezatěžovaly ruce. Perfektně se hodí pro tenisové trenéry a kluby právě na trénink dětí. Tlakované tenisové míče s větší pružností",https://www.sportega.cz/detske-tenisove-mice-wilson-starter-play-4-pack/d30629,https://www.sportega.cz/detske-tenisove-mice-wilson-starter-play-4-pack-30629.jpg,in stock,179 CZK,Sportovní potřeby > Atletické sporty > Tenis > Tenisové míčky,Wilson,Sportega > Tenis > Míčky > Míče pro děti,6132,9-10 let,"tréninkové nasazení,volný čas,školní aktivity",všechny povrchy,dóza po 4 ks,Tlakovaný,30629,https://www.sportega.cz/detske-tenisove-mice-wilson-starter-play-4-pack/d30629,https://www.sportega.cz/detske-tenisove-mice-wilson-starter-play-4-pack-30629.jpg
76769,Tenisové míče Wilson  Roland Garros Clay (3 Pack),"Tenisové míče wilson  roland garros clay (3 pack)  jsou tenisové míčky pro pestrou hru. Pamatuj, že míčky postupem času ztrácí své vlastnosti a je potřeba je pravidelně měnit, proto neuděláš chybu, pokud si koupíš dvě tři dózy do zásoby.",https://www.sportega.cz/tenisove-mice-wilson-roland-garros-clay-3-pack/d76769,https://www.sportega.cz/tenisove-mice-wilson-roland-garros-clay-3-pack-76769.jpg,in stock,179 CZK,Sportovní potřeby > Atletické sporty > Tenis > Tenisové míčky,Wilson,Sportega > Tenis > Míčky,3511,,zápasové a turnajové nasazení,všechny povrchy,dóza po 3 ks,Tlakovaný,76769,https://www.sportega.cz/tenisove-mice-wilson-roland-garros-clay-3-pack/d76769,https://www.sportega.cz/tenisove-mice-wilson-roland-garros-clay-3-pack-76769.jpg
42042,Tenisové míče Tecnifibre  Champion (4 Pack),"Tenisové míče tecnifibre  champion (4 pack)  jsou tenisové míčky pro pestrou hru. Pamatuj, že míčky postupem času ztrácí své vlastnosti a je potřeba je pravidelně měnit, proto neuděláš chybu, pokud si koupíš dvě tři dózy do zásoby.",https://www.sportega.cz/tenisove-mice-tecnifibre-champion-4-pack/d42042,https://www.sportega.cz/tenisove-mice-tecnifibre-champion-4-pack-42042.jpg,in stock,169 CZK,Sportovní potřeby > Atletické sporty > Tenis > Tenisové míčky,Tecnifibre,Sportega > Tenis > Míčky,3760,,tréninkové nasazení,všechny povrchy,dóza po 4 ks,Tlakovaný,42042,https://www.sportega.cz/tenisove-mice-tecnifibre-champion-4-pack/d42042,https://www.sportega.cz/tenisove-mice-tecnifibre-champion-4-pack-42042.jpg
19331,Tenisové míče Wilson  Championship (4 Pack),"Tenisové míče wilson  championship (4 pack)  jsou tenisové míčky pro pestrou hru. Pamatuj, že míčky postupem času ztrácí své vlastnosti a je potřeba je pravidelně měnit, proto neuděláš chybu, pokud si koupíš dvě tři dózy do zásoby.",https://www.sportega.cz/tenisove-mice-wilson-championship-4-pack/d19331,https://www.sportega.cz/tenisove-mice-wilson-championship-4-pack-19331.jpg,in stock,139 CZK,Sportovní potřeby > Atletické sporty > Tenis > Tenisové míčky,Wilson,Sportega > Tenis > Míčky,11202,,"tréninkové nasazení,volný čas",všechny povrchy,dóza po 4 ks,Tlakovaný,19331,https://www.sportega.cz/tenisove-mice-wilson-championship-4-pack/d19331,https://www.sportega.cz/tenisove-mice-wilson-championship-4-pack-19331.jpg
1355196,Tenisové míče Head  Reset (72B),"Tenisové míče head  reset (72b)  jsou tenisové míčky pro pestrou hru. Pamatuj, že míčky postupem času ztrácí své vlastnosti a je potřeba je pravidelně měnit, proto neuděláš chybu, pokud si koupíš dvě tři dózy do zásoby.",https://www.sportega.cz/tenisove-mice-head-reset-72b/d1355196,https://www.sportega.cz/tenisove-mice-head-reset-72b-1355196.jpg,in stock,2779 CZK,Sportovní potřeby > Atletické sporty > Tenis > Tenisové míčky,Head,Sportega > Tenis > Míčky,4730,,trénink,všechny povrchy,72 ks,Tlakovaný,1355196,https://www.sportega.cz/tenisove-mice-head-reset-72b/d1355196,https://www.sportega.cz/tenisove-mice-head-reset-72b-1355196.jpg
1357485,Koš na tenisové míče Head  Ball Trolley,"Připraveni na upgrade?  Head ball trolley je tou správnou odpovědí. Stabilní vozík má odnímatelný bag, do kterého lze uskladnit až 120 míčů. Vozík je na kolečkách pro snadný transport na kurt nebo když z něj odcházíte, je také perfektním nástrojem pro uskladnění míčů mezi tréninky. Pro lepší manipulaci a uskladnění se dá vozit jednoduše složit. Upgrade nebyl nikdy tak snadný.",https://www.sportega.cz/kos-na-tenisove-mice-head-ball-trolley/d1357485,https://www.sportega.cz/kos-na-tenisove-mice-head-ball-trolley-1357485.jpg,in stock,3399 CZK,Sportovní potřeby > Atletické sporty > Tenis > Sběrače a koše na tenisové míčky,Head,Sportega > Tenis > Míčky > Sběrné koše na tenisové míče,25720,,Tenis,,,,1357485,https://www.sportega.cz/kos-na-tenisove-mice-head-ball-trolley/d1357485,https://www.sportega.cz/kos-na-tenisove-mice-head-ball-trolley-1357485.jpg
1470103,Tenisové míče Babolat  Red Foam X3,"Tenisové míče babolat  red foam x3   jsou tenisové míčky pro pestrou hru. Pamatuj, že míčky postupem času ztrácí své vlastnosti a je potřeba je pravidelně měnit, proto neuděláš chybu, pokud si koupíš dvě tři dózy do zásoby.",https://www.sportega.cz/tenisove-mice-babolat-red-foam-x3/d1470103,https://www.sportega.cz/tenisove-mice-babolat-red-foam-x3-1470103.jpg,in stock,239 CZK,Sportovní potřeby > Atletické sporty > Tenis > Tenisové míčky,Babolat,Sportega > Tenis > Míčky,2950,5-8 let,začínající hráči,všechny povrchy,dóza po 3 ks,Netlakovaný,1470103,https://www.sportega.cz/tenisove-mice-babolat-red-foam-x3/d1470103,https://www.sportega.cz/tenisove-mice-babolat-red-foam-x3-1470103.jpg
1475288,Tenisové míče Head  Reset Pro 4B,"Tenisové míče head  reset pro 4b  jsou tenisové míčky pro pestrou hru. Pamatuj, že míčky postupem času ztrácí své vlastnosti a je potřeba je pravidelně měnit, proto neuděláš chybu, pokud si koupíš dvě tři dózy do zásoby.",https://www.sportega.cz/tenisove-mice-head-reset-pro-4b/d1475288,https://www.sportega.cz/tenisove-mice-head-reset-pro-4b-1475288.jpg,in stock,159 CZK,Sportovní potřeby > Atletické sporty > Tenis > Tenisové míčky,Head,Sportega > Tenis > Míčky,4905,,tréninkové nasazení,všechny povrchy,dóza po 4 ks,Tlakovaný,1475288,https://www.sportega.cz/tenisove-mice-head-reset-pro-4b/d1475288,https://www.sportega.cz/tenisove-mice-head-reset-pro-4b-1475288.jpg
1475289,Tenisové míče Head  Reset Pro 72B,"Tenisové míče head  reset pro 72b  jsou tenisové míčky pro pestrou hru. Pamatuj, že míčky postupem času ztrácí své vlastnosti a je potřeba je pravidelně měnit, proto neuděláš chybu, pokud si koupíš dvě tři dózy do zásoby.",https://www.sportega.cz/tenisove-mice-head-reset-pro-72b/d1475289,https://www.sportega.cz/tenisove-mice-head-reset-pro-72b-1475289.jpg,in stock,2899 CZK,Sportovní potřeby > Atletické sporty > Tenis > Tenisové míčky,Head,Sportega > Tenis > Míčky,50457,,tréninkové nasazení,všechny povrchy,72 ks,Tlakovaný,1475289,https://www.sportega.cz/tenisove-mice-head-reset-pro-72b/d1475289,https://www.sportega.cz/tenisove-mice-head-reset-pro-72b-1475289.jpg
1475285,Dětské tenisové míče Head  Stage 3 Red 3B,"Dětské tenisové míče head  stage 3 red 3b  jsou tenisáky pro děti. Tenisové míče pro děti jsou větší a lehčí, aby nejmenším tenistům usnadnily nácvik techniky a fyzicky nezatěžovaly ruce. Perfektně se hodí pro tenisové trenéry a kluby právě na trénink dětí. Tenisáky s dlouhou životností na rekreační tenis",https://www.sportega.cz/detske-tenisove-mice-head-stage-3-red-3b/d1475285,https://www.sportega.cz/detske-tenisove-mice-head-stage-3-red-3b-1475285.jpg,in stock,129 CZK,Sportovní potřeby > Atletické sporty > Tenis > Tenisové míčky,Head,Sportega > Tenis > Míčky > Míče pro děti,9254,5-8 let,"školní aktivity,tréninkové nasazení",všechny povrchy,dóza po 3 ks,Netlakovaný,1475285,https://www.sportega.cz/detske-tenisove-mice-head-stage-3-red-3b/d1475285,https://www.sportega.cz/detske-tenisove-mice-head-stage-3-red-3b-1475285.jpg
1475290,Dětské tenisové míče Head  Stage 2 Orange 72B,"Dětské tenisové míče head  stage 2 orange 72b  jsou tenisáky pro děti. Tenisové míče pro děti jsou větší a lehčí, aby nejmenším tenistům usnadnily nácvik techniky a fyzicky nezatěžovaly ruce. Perfektně se hodí pro tenisové trenéry a kluby právě na trénink dětí. Tenisáky s dlouhou životností na rekreační tenis",https://www.sportega.cz/detske-tenisove-mice-head-stage-2-orange-72b/d1475290,https://www.sportega.cz/detske-tenisove-mice-head-stage-2-orange-72b-1475290.jpg,in stock,2899 CZK,Sportovní potřeby > Atletické sporty > Tenis > Tenisové míčky,Head,Sportega > Tenis > Míčky > Míče pro děti,15616,8-9 let,"školní aktivity,tréninkové nasazení",všechny povrchy,72 ks,Netlakovaný,1475290,https://www.sportega.cz/detske-tenisove-mice-head-stage-2-orange-72b/d1475290,https://www.sportega.cz/detske-tenisove-mice-head-stage-2-orange-72b-1475290.jpg
1500625,Tenisové míče Dunlop  ATP Tour (4 Pack),"Tenisové míče dunlop  atp tour (4 pack)  jsou tenisové míčky pro pestrou hru. Pamatuj, že míčky postupem času ztrácí své vlastnosti a je potřeba je pravidelně měnit, proto neuděláš chybu, pokud si koupíš dvě tři dózy do zásoby.",https://www.sportega.cz/tenisove-mice-dunlop-atp-tour-4-pack/d1500625,https://www.sportega.cz/tenisove-mice-dunlop-atp-tour-4-pack-1500625.jpg,in stock,229 CZK,Sportovní potřeby > Atletické sporty > Tenis > Tenisové míčky,Dunlop,Sportega > Tenis > Míčky,11928,,zápasové a turnajové nasazení,všechny povrchy,dóza po 4 ks,Tlakovaný,1500625,https://www.sportega.cz/tenisove-mice-dunlop-atp-tour-4-pack/d1500625,https://www.sportega.cz/tenisove-mice-dunlop-atp-tour-4-pack-1500625.jpg
76778,"Velký tenisový míč Wilson  Roland Garros 9"" Jumbo Pink","Velký tenisový míč wilson roland garros 9"" jumbo pink s nápisem wilson roland garros je vhodný k podpisování nebo reklamním účelům. Růžová barva ho jednoznačně odliší a každý si jej zapamatuje již po prvním pohledu.",https://www.sportega.cz/velky-tenisovy-mic-wilson-roland-garros-9-jumbo-pink/d76778,https://www.sportega.cz/velky-tenisovy-mic-wilson-roland-garros-9-jumbo-pink-76778.jpg,in stock,529 CZK,Sportovní potřeby > Atletické sporty > Tenis > Tenisové míčky,Wilson,Sportega > Tenis > Míčky > Velké tenisové míče,1343,,dekorace,,,,76778,https://www.sportega.cz/velky-tenisovy-mic-wilson-roland-garros-9-jumbo-pink/d76778,https://www.sportega.cz/velky-tenisovy-mic-wilson-roland-garros-9-jumbo-pink-76778.jpg
76776,"Velký tenisový míč Wilson  Roland Garros 9"" Jumbo Yellow","Velký tenisový míč wilson roland garros 9"" jumbo yellow s nápisem wilson roland garros je vhodný k podepisování nebo reklamním účelům. Jeho velikost ho jednoznačně odliší a každý si jej zapamatuje již po prvním pohledu.",https://www.sportega.cz/velky-tenisovy-mic-wilson-roland-garros-9-jumbo-yellow/d76776,https://www.sportega.cz/velky-tenisovy-mic-wilson-roland-garros-9-jumbo-yellow-76776.jpg,in stock,499 CZK,Sportovní potřeby > Atletické sporty > Tenis > Tenisové míčky,Wilson,Sportega > Tenis > Míčky > Velké tenisové míče,2148,,,,,,76776,https://www.sportega.cz/velky-tenisovy-mic-wilson-roland-garros-9-jumbo-yellow/d76776,https://www.sportega.cz/velky-tenisovy-mic-wilson-roland-garros-9-jumbo-yellow-76776.jpg
1472159,Tuba na sbírání míčků Yonex  Ball Tube,"Tuba na sbírání míčků yonex  ball tube  ti usnadní a urychlí sběr tenisových míčků bez ohýbání. Stačí přitlačit a míček je uvnitř – rychlé, jednoduché a pohodlné. Lehká konstrukce a snadná manipulace z ní dělají skvělého pomocníka pro tréninky i rekreační hru. Ušetři čas i záda a soustřeď se jen na tenis.",https://www.sportega.cz/tuba-na-sbirani-micku-yonex-ball-tube/d1472159,https://www.sportega.cz/tuba-na-sbirani-micku-yonex-ball-tube-1472159.jpg,in stock,849 CZK,Sportovní potřeby > Atletické sporty > Tenis > Sběrače a koše na tenisové míčky,Yonex,Sportega > Tenis > Míčky > Sběrné koše na tenisové míče,1235,,,,,,1472159,https://www.sportega.cz/tuba-na-sbirani-micku-yonex-ball-tube/d1472159,https://www.sportega.cz/tuba-na-sbirani-micku-yonex-ball-tube-1472159.jpg
66306,Dětské tenisové míče Babolat  Red Felt X24,"Velké balení babolat red felt obsahuje 24 ks dětských tenisáků vyrobených z plsti a gumy.pro tenisové akademie i do tělocvikumíčky jsou určené zejména pro děti ve věku 3-7 let, protože díky svému pomalejšímu pohybu a větší velikosti velmi výrazně usnadňují nácvik prvních tenisových úderů.",https://www.sportega.cz/detske-tenisove-mice-babolat-red-felt-x24/d66306,https://www.sportega.cz/detske-tenisove-mice-babolat-red-felt-x24-66306.jpg,in stock,1499 CZK,Sportovní potřeby > Atletické sporty > Tenis > Tenisové míčky,Babolat,Sportega > Tenis > Míčky > Míče pro děti,2454,5-8 let,"tréninkové nasazení,volný čas,školní aktivity",všechny povrchy,24,Netlakovaný,66306,https://www.sportega.cz/detske-tenisove-mice-babolat-red-felt-x24/d66306,https://www.sportega.cz/detske-tenisove-mice-babolat-red-felt-x24-66306.jpg
1355192,Tenisové míče Head  T.I.P. Red Foam Ball (3 Pack),Tenisové míče head  t.i.p. Red foam ball (3 pack) jsou vhodné pro děti od 5 do 8 let  pěnový míč je o 75% pomalejší než standardní tenisový míč a má perfektní velikost pro snadné hraní a zábavu.,https://www.sportega.cz/tenisove-mice-head-t-i-p-red-foam-ball-3-pack/d1355192,https://www.sportega.cz/tenisove-mice-head-t-i-p-red-foam-ball-3-pack-1355192.jpg,in stock,229 CZK,Sportovní potřeby > Atletické sporty > Tenis > Tenisové míčky,Head,Sportega > Tenis > Míčky > Míče pro děti,1958,,"tréninkové nasazení,volný čas","extra tvrdé povrchy (škvára, beton, asfalt)",dóza po 3 ks,Pěnový,1355192,https://www.sportega.cz/tenisove-mice-head-t-i-p-red-foam-ball-3-pack/d1355192,https://www.sportega.cz/tenisove-mice-head-t-i-p-red-foam-ball-3-pack-1355192.jpg
